{"categoryid":1,"categoryname":"Beverages","description":"Soft drinks, coffees, teas, beers, and ales","picture":null}
{"categoryid":2,"categoryname":"Condiments","description":"Sweet and savory sauces, relishes, spreads, and seasonings","picture":null}
{"categoryid":3,"categoryname":"Confections","description":"Desserts, candies, and sweet breads","picture":null}
{"categoryid":4,"categoryname":"Dairy Products","description":"Cheeses","picture":null}
{"categoryid":5,"categoryname":"Grains/Cereals","description":"Breads, crackers, pasta, and cereal","picture":null}
{"categoryid":6,"categoryname":"Meat/Poultry","description":"Prepared meats","picture":null}
{"categoryid":7,"categoryname":"Produce","description":"Dried fruit and bean curd","picture":null}
{"categoryid":8,"categoryname":"Seafood","description":"Seaweed and fish","picture":null}
