{"stateid":1,"statename":"Alabama","stateabbr":"AL","stateregion":"south"}
{"stateid":2,"statename":"Alaska","stateabbr":"AK","stateregion":"north"}
{"stateid":3,"statename":"Arizona","stateabbr":"AZ","stateregion":"west"}
{"stateid":4,"statename":"Arkansas","stateabbr":"AR","stateregion":"south"}
{"stateid":5,"statename":"California","stateabbr":"CA","stateregion":"west"}
{"stateid":6,"statename":"Colorado","stateabbr":"CO","stateregion":"west"}
{"stateid":7,"statename":"Connecticut","stateabbr":"CT","stateregion":"east"}
{"stateid":8,"statename":"Delaware","stateabbr":"DE","stateregion":"east"}
{"stateid":9,"statename":"District of Columbia","stateabbr":"DC","stateregion":"east"}
{"stateid":10,"statename":"Florida","stateabbr":"FL","stateregion":"south"}
{"stateid":11,"statename":"Georgia","stateabbr":"GA","stateregion":"south"}
{"stateid":12,"statename":"Hawaii","stateabbr":"HI","stateregion":"west"}
{"stateid":13,"statename":"Idaho","stateabbr":"ID","stateregion":"midwest"}
{"stateid":14,"statename":"Illinois","stateabbr":"IL","stateregion":"midwest"}
{"stateid":15,"statename":"Indiana","stateabbr":"IN","stateregion":"midwest"}
{"stateid":16,"statename":"Iowa","stateabbr":"IO","stateregion":"midwest"}
{"stateid":17,"statename":"Kansas","stateabbr":"KS","stateregion":"midwest"}
{"stateid":18,"statename":"Kentucky","stateabbr":"KY","stateregion":"south"}
{"stateid":19,"statename":"Louisiana","stateabbr":"LA","stateregion":"south"}
{"stateid":20,"statename":"Maine","stateabbr":"ME","stateregion":"north"}
{"stateid":21,"statename":"Maryland","stateabbr":"MD","stateregion":"east"}
{"stateid":22,"statename":"Massachusetts","stateabbr":"MA","stateregion":"north"}
{"stateid":23,"statename":"Michigan","stateabbr":"MI","stateregion":"north"}
{"stateid":24,"statename":"Minnesota","stateabbr":"MN","stateregion":"north"}
{"stateid":25,"statename":"Mississippi","stateabbr":"MS","stateregion":"south"}
{"stateid":26,"statename":"Missouri","stateabbr":"MO","stateregion":"south"}
{"stateid":27,"statename":"Montana","stateabbr":"MT","stateregion":"west"}
{"stateid":28,"statename":"Nebraska","stateabbr":"NE","stateregion":"midwest"}
{"stateid":29,"statename":"Nevada","stateabbr":"NV","stateregion":"west"}
{"stateid":30,"statename":"New Hampshire","stateabbr":"NH","stateregion":"east"}
{"stateid":31,"statename":"New Jersey","stateabbr":"NJ","stateregion":"east"}
{"stateid":32,"statename":"New Mexico","stateabbr":"NM","stateregion":"west"}
{"stateid":33,"statename":"New York","stateabbr":"NY","stateregion":"east"}
{"stateid":34,"statename":"North Carolina","stateabbr":"NC","stateregion":"east"}
{"stateid":35,"statename":"North Dakota","stateabbr":"ND","stateregion":"midwest"}
{"stateid":36,"statename":"Ohio","stateabbr":"OH","stateregion":"midwest"}
{"stateid":37,"statename":"Oklahoma","stateabbr":"OK","stateregion":"midwest"}
{"stateid":38,"statename":"Oregon","stateabbr":"OR","stateregion":"west"}
{"stateid":39,"statename":"Pennsylvania","stateabbr":"PA","stateregion":"east"}
{"stateid":40,"statename":"Rhode Island","stateabbr":"RI","stateregion":"east"}
{"stateid":41,"statename":"South Carolina","stateabbr":"SC","stateregion":"east"}
{"stateid":42,"statename":"South Dakota","stateabbr":"SD","stateregion":"midwest"}
{"stateid":43,"statename":"Tennessee","stateabbr":"TN","stateregion":"midwest"}
{"stateid":44,"statename":"Texas","stateabbr":"TX","stateregion":"west"}
{"stateid":45,"statename":"Utah","stateabbr":"UT","stateregion":"west"}
{"stateid":46,"statename":"Vermont","stateabbr":"VT","stateregion":"east"}
{"stateid":47,"statename":"Virginia","stateabbr":"VA","stateregion":"east"}
{"stateid":48,"statename":"Washington","stateabbr":"WA","stateregion":"west"}
{"stateid":49,"statename":"West Virginia","stateabbr":"WV","stateregion":"south"}
{"stateid":50,"statename":"Wisconsin","stateabbr":"WI","stateregion":"midwest"}
{"stateid":51,"statename":"Wyoming","stateabbr":"WY","stateregion":"west"}
