{"employeeid":1,"territoryid":"06897"}
{"employeeid":1,"territoryid":"19713"}
{"employeeid":2,"territoryid":"01581"}
{"employeeid":2,"territoryid":"01730"}
{"employeeid":2,"territoryid":"01833"}
{"employeeid":2,"territoryid":"02116"}
{"employeeid":2,"territoryid":"02139"}
{"employeeid":2,"territoryid":"02184"}
{"employeeid":2,"territoryid":"40222"}
{"employeeid":3,"territoryid":"30346"}
{"employeeid":3,"territoryid":"31406"}
{"employeeid":3,"territoryid":"32859"}
{"employeeid":3,"territoryid":"33607"}
{"employeeid":4,"territoryid":"20852"}
{"employeeid":4,"territoryid":"27403"}
{"employeeid":4,"territoryid":"27511"}
{"employeeid":5,"territoryid":"02903"}
{"employeeid":5,"territoryid":"07960"}
{"employeeid":5,"territoryid":"08837"}
{"employeeid":5,"territoryid":"10019"}
{"employeeid":5,"territoryid":"10038"}
{"employeeid":5,"territoryid":"11747"}
{"employeeid":5,"territoryid":"14450"}
{"employeeid":6,"territoryid":"85014"}
{"employeeid":6,"territoryid":"85251"}
{"employeeid":6,"territoryid":"98004"}
{"employeeid":6,"territoryid":"98052"}
{"employeeid":6,"territoryid":"98104"}
{"employeeid":7,"territoryid":"60179"}
{"employeeid":7,"territoryid":"60601"}
{"employeeid":7,"territoryid":"80202"}
{"employeeid":7,"territoryid":"80909"}
{"employeeid":7,"territoryid":"90405"}
{"employeeid":7,"territoryid":"94025"}
{"employeeid":7,"territoryid":"94105"}
{"employeeid":7,"territoryid":"95008"}
{"employeeid":7,"territoryid":"95054"}
{"employeeid":7,"territoryid":"95060"}
{"employeeid":8,"territoryid":"19428"}
{"employeeid":8,"territoryid":"44122"}
{"employeeid":8,"territoryid":"45839"}
{"employeeid":8,"territoryid":"53404"}
{"employeeid":9,"territoryid":"03049"}
{"employeeid":9,"territoryid":"03801"}
{"employeeid":9,"territoryid":"48075"}
{"employeeid":9,"territoryid":"48084"}
{"employeeid":9,"territoryid":"48304"}
{"employeeid":9,"territoryid":"55113"}
{"employeeid":9,"territoryid":"55439"}
