{"supplierid":1,"companyname":"Exotic Liquids","contactname":"Charlotte Cooper","contacttitle":"Purchasing Manager","address":"49 Gilbert St.","city":"London","region":null,"postalcode":"EC1 4SD","country":"UK","phone":"(171) 555-2222","fax":null,"homepage":null}
{"supplierid":2,"companyname":"New Orleans Cajun Delights","contactname":"Shelley Burke","contacttitle":"Order Administrator","address":"P.O. Box 78934","city":"New Orleans","region":"LA","postalcode":"70117","country":"USA","phone":"(100) 555-4822","fax":null,"homepage":"#CAJUN.HTM#"}
{"supplierid":3,"companyname":"Grandma Kelly's Homestead","contactname":"Regina Murphy","contacttitle":"Sales Representative","address":"707 Oxford Rd.","city":"Ann Arbor","region":"MI","postalcode":"48104","country":"USA","phone":"(313) 555-5735","fax":"(313) 555-3349","homepage":null}
{"supplierid":4,"companyname":"Tokyo Traders","contactname":"Yoshi Nagase","contacttitle":"Marketing Manager","address":"9-8 Sekimai Musashino-shi","city":"Tokyo","region":null,"postalcode":"100","country":"Japan","phone":"(03) 3555-5011","fax":null,"homepage":null}
{"supplierid":5,"companyname":"Cooperativa de Quesos 'Las Cabras'","contactname":"Antonio del Valle Saavedra","contacttitle":"Export Administrator","address":"Calle del Rosal 4","city":"Oviedo","region":"Asturias","postalcode":"33007","country":"Spain","phone":"(98) 598 76 54","fax":null,"homepage":null}
{"supplierid":6,"companyname":"Mayumi's","contactname":"Mayumi Ohno","contacttitle":"Marketing Representative","address":"92 Setsuko Chuo-ku","city":"Osaka","region":null,"postalcode":"545","country":"Japan","phone":"(06) 431-7877","fax":null,"homepage":"Mayumi's (on the World Wide Web)#http://www.microsoft.com/accessdev/sampleapps/mayumi.htm#"}
{"supplierid":7,"companyname":"Pavlova, Ltd.","contactname":"Ian Devling","contacttitle":"Marketing Manager","address":"74 Rose St. Moonie Ponds","city":"Melbourne","region":"Victoria","postalcode":"3058","country":"Australia","phone":"(03) 444-2343","fax":"(03) 444-6588","homepage":null}
{"supplierid":8,"companyname":"Specialty Biscuits, Ltd.","contactname":"Peter Wilson","contacttitle":"Sales Representative","address":"29 King's Way","city":"Manchester","region":null,"postalcode":"M14 GSD","country":"UK","phone":"(161) 555-4448","fax":null,"homepage":null}
{"supplierid":9,"companyname":"PB Knackebrod AB","contactname":"Lars Peterson","contacttitle":"Sales Agent","address":"Kaloadagatan 13","city":"Goteborg","region":null,"postalcode":"S-345 67","country":"Sweden","phone":"031-987 65 43","fax":"031-987 65 91","homepage":null}
{"supplierid":10,"companyname":"Refrescos Americanas LTDA","contactname":"Carlos Diaz","contacttitle":"Marketing Manager","address":"Av. das Americanas 12.890","city":"Sao Paulo","region":null,"postalcode":"5442","country":"Brazil","phone":"(11) 555 4640","fax":null,"homepage":null}
{"supplierid":11,"companyname":"Heli Susswaren GmbH & Co. KG","contactname":"Petra Winkler","contacttitle":"Sales Manager","address":"Tiergartenstrasse 5","city":"Berlin","region":null,"postalcode":"10785","country":"Germany","phone":"(010) 9984510","fax":null,"homepage":null}
{"supplierid":12,"companyname":"Plutzer Lebensmittelgrossmarkte AG","contactname":"Martin Bein","contacttitle":"International Marketing Mgr.","address":"Bogenallee 51","city":"Frankfurt","region":null,"postalcode":"60439","country":"Germany","phone":"(069) 992755","fax":null,"homepage":"Plutzer (on the World Wide Web)#http://www.microsoft.com/accessdev/sampleapps/plutzer.htm#"}
{"supplierid":13,"companyname":"Nord-Ost-Fisch Handelsgesellschaft mbH","contactname":"Sven Petersen","contacttitle":"Coordinator Foreign Markets","address":"Frahmredder 112a","city":"Cuxhaven","region":null,"postalcode":"27478","country":"Germany","phone":"(04721) 8713","fax":"(04721) 8714","homepage":null}
{"supplierid":14,"companyname":"Formaggi Fortini s.r.l.","contactname":"Elio Rossi","contacttitle":"Sales Representative","address":"Viale Dante, 75","city":"Ravenna","region":null,"postalcode":"48100","country":"Italy","phone":"(0544) 60323","fax":"(0544) 60603","homepage":"#FORMAGGI.HTM#"}
{"supplierid":15,"companyname":"Norske Meierier","contactname":"Beate Vileid","contacttitle":"Marketing Manager","address":"Hatlevegen 5","city":"Sandvika","region":null,"postalcode":"1320","country":"Norway","phone":"(0)2-953010","fax":null,"homepage":null}
{"supplierid":16,"companyname":"Bigfoot Breweries","contactname":"Cheryl Saylor","contacttitle":"Regional Account Rep.","address":"3400 - 8th Avenue Suite 210","city":"Bend","region":"OR","postalcode":"97101","country":"USA","phone":"(503) 555-9931","fax":null,"homepage":null}
{"supplierid":17,"companyname":"Svensk Sjofoda AB","contactname":"Michael Bjorn","contacttitle":"Sales Representative","address":"Brovallavagen 231","city":"Stockholm","region":null,"postalcode":"S-123 45","country":"Sweden","phone":"08-123 45 67","fax":null,"homepage":null}
{"supplierid":18,"companyname":"Aux joyeux ecclesiastiques","contactname":"Guylene Nodier","contacttitle":"Sales Manager","address":"203, Rue des Francs-Bourgeois","city":"Paris","region":null,"postalcode":"75004","country":"France","phone":"(1) 03.83.00.68","fax":"(1) 03.83.00.62","homepage":null}
{"supplierid":20,"companyname":"Leka Trading","contactname":"Chandra Leka","contacttitle":"Owner","address":"471 Serangoon Loop, Suite #402","city":"Singapore","region":null,"postalcode":"0512","country":"Singapore","phone":"555-8787","fax":null,"homepage":null}
{"supplierid":19,"companyname":"New England Seafood Cannery","contactname":"Robb Merchant","contacttitle":"Wholesale Account Agent","address":"Order Processing Dept. 2100 Paul Revere Blvd.","city":"Boston","region":"MA","postalcode":"02134","country":"USA","phone":"(617) 555-3267","fax":"(617) 555-3389","homepage":null}
{"supplierid":21,"companyname":"Lyngbysild","contactname":"Niels Petersen","contacttitle":"Sales Manager","address":"Lyngbysild Fiskebakken 10","city":"Lyngby","region":null,"postalcode":"2800","country":"Denmark","phone":"43844108","fax":"43844115","homepage":null}
{"supplierid":22,"companyname":"Zaanse Snoepfabriek","contactname":"Dirk Luchte","contacttitle":"Accounting Manager","address":"Verkoop Rijnweg 22","city":"Zaandam","region":null,"postalcode":"9999 ZZ","country":"Netherlands","phone":"(12345) 1212","fax":"(12345) 1210","homepage":null}
{"supplierid":23,"companyname":"Karkki Oy","contactname":"Anne Heikkonen","contacttitle":"Product Manager","address":"Valtakatu 12","city":"Lappeenranta","region":null,"postalcode":"53120","country":"Finland","phone":"(953) 10956","fax":null,"homepage":null}
{"supplierid":24,"companyname":"G'day, Mate","contactname":"Wendy Mackenzie","contacttitle":"Sales Representative","address":"170 Prince Edward Parade Hunter's Hill","city":"Sydney","region":"NSW","postalcode":"2042","country":"Australia","phone":"(02) 555-5914","fax":"(02) 555-4873","homepage":"G'day Mate (on the World Wide Web)#http://www.microsoft.com/accessdev/sampleapps/gdaymate.htm#"}
{"supplierid":25,"companyname":"Ma Maison","contactname":"Jean-Guy Lauzon","contacttitle":"Marketing Manager","address":"2960 Rue St. Laurent","city":"Montreal","region":"Quebec","postalcode":"H1J 1C3","country":"Canada","phone":"(514) 555-9022","fax":null,"homepage":null}
{"supplierid":26,"companyname":"Pasta Buttini s.r.l.","contactname":"Giovanni Giudici","contacttitle":"Order Administrator","address":"Via dei Gelsomini, 153","city":"Salerno","region":null,"postalcode":"84100","country":"Italy","phone":"(089) 6547665","fax":"(089) 6547667","homepage":null}
{"supplierid":27,"companyname":"Escargots Nouveaux","contactname":"Marie Delamare","contacttitle":"Sales Manager","address":"22, rue H. Voiron","city":"Montceau","region":null,"postalcode":"71300","country":"France","phone":"85.57.00.07","fax":null,"homepage":null}
{"supplierid":28,"companyname":"Gai paturage","contactname":"Eliane Noz","contacttitle":"Sales Representative","address":"Bat. B 3, rue des Alpes","city":"Annecy","region":null,"postalcode":"74000","country":"France","phone":"38.76.98.06","fax":"38.76.98.58","homepage":null}
{"supplierid":29,"companyname":"Forets d'erables","contactname":"Chantal Goulet","contacttitle":"Accounting Manager","address":"148 rue Chasseur","city":"Ste-Hyacinthe","region":"Quebec","postalcode":"J2S 7S8","country":"Canada","phone":"(514) 555-2955","fax":"(514) 555-2921","homepage":null}
