<?xml version="1.0" encoding="UTF-8" ?><root><item type="dict"><city type="str">Caracas</city><contacttitle type="str">Owner</contacttitle><companyname type="str">GROSELLA-Restaurante</companyname><country type="str">Venezuela</country><region type="str">DF</region><fax type="str">(2) 283-3397</fax><phone type="str">(2) 283-2951</phone><contactname type="str">Manuel Pereira</contactname><address type="str">5 Ave. Los Palos Grandes</address><postalcode type="str">1081</postalcode><customerid type="str">GROSR</customerid></item><item type="dict"><city type="str">Berlin</city><contacttitle type="str">Sales Representative</contacttitle><companyname type="str">Alfreds Futterkiste</companyname><country type="str">Germany</country><region type="null"></region><fax type="str">030-0076545</fax><phone type="str">030-0074321</phone><contactname type="str">Maria Anders</contactname><address type="str">Obere Str. 57</address><postalcode type="str">12209</postalcode><customerid type="str">ALFKI</customerid></item><item type="dict"><city type="str">Mexico D.F.</city><contacttitle type="str">Owner</contacttitle><companyname type="str">Ana Trujillo Emparedados y helados</companyname><country type="str">Mexico</country><region type="null"></region><fax type="str">(5) 555-3745</fax><phone type="str">(5) 555-4729</phone><contactname type="str">Ana Trujillo</contactname><address type="str">Avda. de la Constitucion 2222</address><postalcode type="str">05021</postalcode><customerid type="str">ANATR</customerid></item><item type="dict"><city type="str">Mexico D.F.</city><contacttitle type="str">Owner</contacttitle><companyname type="str">Antonio Moreno Taqueria</companyname><country type="str">Mexico</country><region type="null"></region><fax type="null"></fax><phone type="str">(5) 555-3932</phone><contactname type="str">Antonio Moreno</contactname><address type="str">Mataderos  2312</address><postalcode type="str">05023</postalcode><customerid type="str">ANTON</customerid></item><item type="dict"><city type="str">London</city><contacttitle type="str">Sales Representative</contacttitle><companyname type="str">Around the Horn</companyname><country type="str">UK</country><region type="null"></region><fax type="str">(171) 555-6750</fax><phone type="str">(171) 555-7788</phone><contactname type="str">Thomas Hardy</contactname><address type="str">120 Hanover Sq.</address><postalcode type="str">WA1 1DP</postalcode><customerid type="str">AROUT</customerid></item><item type="dict"><city type="str">Lulea</city><contacttitle type="str">Order Administrator</contacttitle><companyname type="str">Berglunds snabbkop</companyname><country type="str">Sweden</country><region type="null"></region><fax type="str">0921-12 34 67</fax><phone type="str">0921-12 34 65</phone><contactname type="str">Christina Berglund</contactname><address type="str">Berguvsvagen  8</address><postalcode type="str">S-958 22</postalcode><customerid type="str">BERGS</customerid></item><item type="dict"><city type="str">Mannheim</city><contacttitle type="str">Sales Representative</contacttitle><companyname type="str">Blauer See Delikatessen</companyname><country type="str">Germany</country><region type="null"></region><fax type="str">0621-08924</fax><phone type="str">0621-08460</phone><contactname type="str">Hanna Moos</contactname><address type="str">Forsterstr. 57</address><postalcode type="str">68306</postalcode><customerid type="str">BLAUS</customerid></item><item type="dict"><city type="str">Strasbourg</city><contacttitle type="str">Marketing Manager</contacttitle><companyname type="str">Blondesddsl pere et fils</companyname><country type="str">France</country><region type="null"></region><fax type="str">88.60.15.32</fax><phone type="str">88.60.15.31</phone><contactname type="str">Frederique Citeaux</contactname><address type="str">24, place Kleber</address><postalcode type="str">67000</postalcode><customerid type="str">BLONP</customerid></item><item type="dict"><city type="str">Madrid</city><contacttitle type="str">Owner</contacttitle><companyname type="str">Bolido Comidas preparadas</companyname><country type="str">Spain</country><region type="null"></region><fax type="str">(91) 555 91 99</fax><phone type="str">(91) 555 22 82</phone><contactname type="str">Martin Sommer</contactname><address type="str">C/ Araquil, 67</address><postalcode type="str">28023</postalcode><customerid type="str">BOLID</customerid></item><item type="dict"><city type="str">Marseille</city><contacttitle type="str">Owner</contacttitle><companyname type="str">Bon app&apos;</companyname><country type="str">France</country><region type="null"></region><fax type="str">91.24.45.41</fax><phone type="str">91.24.45.40</phone><contactname type="str">Laurence Lebihan</contactname><address type="str">12, rue des Bouchers</address><postalcode type="str">13008</postalcode><customerid type="str">BONAP</customerid></item><item type="dict"><city type="str">Tsawassen</city><contacttitle type="str">Accounting Manager</contacttitle><companyname type="str">Bottom-Dollar Markets</companyname><country type="str">Canada</country><region type="str">BC</region><fax type="str">(604) 555-3745</fax><phone type="str">(604) 555-4729</phone><contactname type="str">Elizabeth Lincoln</contactname><address type="str">23 Tsawassen Blvd.</address><postalcode type="str">T2F 8M4</postalcode><customerid type="str">BOTTM</customerid></item><item type="dict"><city type="str">London</city><contacttitle type="str">Sales Representative</contacttitle><companyname type="str">B&apos;s Beverages</companyname><country type="str">UK</country><region type="null"></region><fax type="null"></fax><phone type="str">(171) 555-1212</phone><contactname type="str">Victoria Ashworth</contactname><address type="str">Fauntleroy Circus</address><postalcode type="str">EC2 5NT</postalcode><customerid type="str">BSBEV</customerid></item><item type="dict"><city type="str">Buenos Aires</city><contacttitle type="str">Sales Agent</contacttitle><companyname type="str">Cactus Comidas para llevar</companyname><country type="str">Argentina</country><region type="null"></region><fax type="str">(1) 135-4892</fax><phone type="str">(1) 135-5555</phone><contactname type="str">Patricio Simpson</contactname><address type="str">Cerrito 333</address><postalcode type="str">1010</postalcode><customerid type="str">CACTU</customerid></item><item type="dict"><city type="str">Mexico D.F.</city><contacttitle type="str">Marketing Manager</contacttitle><companyname type="str">Centro comercial Moctezuma</companyname><country type="str">Mexico</country><region type="null"></region><fax type="str">(5) 555-7293</fax><phone type="str">(5) 555-3392</phone><contactname type="str">Francisco Chang</contactname><address type="str">Sierras de Granada 9993</address><postalcode type="str">05022</postalcode><customerid type="str">CENTC</customerid></item><item type="dict"><city type="str">Bern</city><contacttitle type="str">Owner</contacttitle><companyname type="str">Chop-suey Chinese</companyname><country type="str">Switzerland</country><region type="null"></region><fax type="null"></fax><phone type="str">0452-076545</phone><contactname type="str">Yang Wang</contactname><address type="str">Hauptstr. 29</address><postalcode type="str">3012</postalcode><customerid type="str">CHOPS</customerid></item><item type="dict"><city type="str">Sao Paulo</city><contacttitle type="str">Sales Associate</contacttitle><companyname type="str">Comercio Mineiro</companyname><country type="str">Brazil</country><region type="str">SP</region><fax type="null"></fax><phone type="str">(11) 555-7647</phone><contactname type="str">Pedro Afonso</contactname><address type="str">Av. dos Lusiadas, 23</address><postalcode type="str">05432-043</postalcode><customerid type="str">COMMI</customerid></item><item type="dict"><city type="str">London</city><contacttitle type="str">Sales Representative</contacttitle><companyname type="str">Consolidated Holdings</companyname><country type="str">UK</country><region type="null"></region><fax type="str">(171) 555-9199</fax><phone type="str">(171) 555-2282</phone><contactname type="str">Elizabeth Brown</contactname><address type="str">Berkeley Gardens 12  Brewery</address><postalcode type="str">WX1 6LT</postalcode><customerid type="str">CONSH</customerid></item><item type="dict"><city type="str">Aachen</city><contacttitle type="str">Order Administrator</contacttitle><companyname type="str">Drachenblut Delikatessen</companyname><country type="str">Germany</country><region type="null"></region><fax type="str">0241-059428</fax><phone type="str">0241-039123</phone><contactname type="str">Sven Ottlieb</contactname><address type="str">Walserweg 21</address><postalcode type="str">52066</postalcode><customerid type="str">DRACD</customerid></item><item type="dict"><city type="str">Nantes</city><contacttitle type="str">Owner</contacttitle><companyname type="str">Du monde entier</companyname><country type="str">France</country><region type="null"></region><fax type="str">40.67.89.89</fax><phone type="str">40.67.88.88</phone><contactname type="str">Janine Labrune</contactname><address type="str">67, rue des Cinquante Otages</address><postalcode type="str">44000</postalcode><customerid type="str">DUMON</customerid></item><item type="dict"><city type="str">London</city><contacttitle type="str">Sales Agent</contacttitle><companyname type="str">Eastern Connection</companyname><country type="str">UK</country><region type="null"></region><fax type="str">(171) 555-3373</fax><phone type="str">(171) 555-0297</phone><contactname type="str">Ann Devon</contactname><address type="str">35 King George</address><postalcode type="str">WX3 6FW</postalcode><customerid type="str">EASTC</customerid></item><item type="dict"><city type="str">Graz</city><contacttitle type="str">Sales Manager</contacttitle><companyname type="str">Ernst Handel</companyname><country type="str">Austria</country><region type="null"></region><fax type="str">7675-3426</fax><phone type="str">7675-3425</phone><contactname type="str">Roland Mendel</contactname><address type="str">Kirchgasse 6</address><postalcode type="str">8010</postalcode><customerid type="str">ERNSH</customerid></item><item type="dict"><city type="str">Sao Paulo</city><contacttitle type="str">Marketing Assistant</contacttitle><companyname type="str">Familia Arquibaldo</companyname><country type="str">Brazil</country><region type="str">SP</region><fax type="null"></fax><phone type="str">(11) 555-9857</phone><contactname type="str">Aria Cruz</contactname><address type="str">Rua Oros, 92</address><postalcode type="str">05442-030</postalcode><customerid type="str">FAMIA</customerid></item><item type="dict"><city type="str">Madrid</city><contacttitle type="str">Accounting Manager</contacttitle><companyname type="str">FISSA Fabrica Inter. Salchichas S.A.</companyname><country type="str">Spain</country><region type="null"></region><fax type="str">(91) 555 55 93</fax><phone type="str">(91) 555 94 44</phone><contactname type="str">Diego Roel</contactname><address type="str">C/ Moralzarzal, 86</address><postalcode type="str">28034</postalcode><customerid type="str">FISSA</customerid></item><item type="dict"><city type="str">Lille</city><contacttitle type="str">Assistant Sales Agent</contacttitle><companyname type="str">Folies gourmandes</companyname><country type="str">France</country><region type="null"></region><fax type="str">20.16.10.17</fax><phone type="str">20.16.10.16</phone><contactname type="str">Martine Rance</contactname><address type="str">184, chaussee de Tournai</address><postalcode type="str">59000</postalcode><customerid type="str">FOLIG</customerid></item><item type="dict"><city type="str">Bracke</city><contacttitle type="str">Owner</contacttitle><companyname type="str">Folk och fa HB</companyname><country type="str">Sweden</country><region type="null"></region><fax type="null"></fax><phone type="str">0695-34 67 21</phone><contactname type="str">Maria Larsson</contactname><address type="str">Akergatan 24</address><postalcode type="str">S-844 67</postalcode><customerid type="str">FOLKO</customerid></item><item type="dict"><city type="str">Munchen</city><contacttitle type="str">Marketing Manager</contacttitle><companyname type="str">Frankenversand</companyname><country type="str">Germany</country><region type="null"></region><fax type="str">089-0877451</fax><phone type="str">089-0877310</phone><contactname type="str">Peter Franken</contactname><address type="str">Berliner Platz 43</address><postalcode type="str">80805</postalcode><customerid type="str">FRANK</customerid></item><item type="dict"><city type="str">Nantes</city><contacttitle type="str">Marketing Manager</contacttitle><companyname type="str">France restauration</companyname><country type="str">France</country><region type="null"></region><fax type="str">40.32.21.20</fax><phone type="str">40.32.21.21</phone><contactname type="str">Carine Schmitt</contactname><address type="str">54, rue Royale</address><postalcode type="str">44000</postalcode><customerid type="str">FRANR</customerid></item><item type="dict"><city type="str">Torino</city><contacttitle type="str">Sales Representative</contacttitle><companyname type="str">Franchi S.p.A.</companyname><country type="str">Italy</country><region type="null"></region><fax type="str">011-4988261</fax><phone type="str">011-4988260</phone><contactname type="str">Paolo Accorti</contactname><address type="str">Via Monte Bianco 34</address><postalcode type="str">10100</postalcode><customerid type="str">FRANS</customerid></item><item type="dict"><city type="str">Lisboa</city><contacttitle type="str">Sales Manager</contacttitle><companyname type="str">Furia Bacalhau e Frutos do Mar</companyname><country type="str">Portugal</country><region type="null"></region><fax type="str">(1) 354-2535</fax><phone type="str">(1) 354-2534</phone><contactname type="str">Lino Rodriguez</contactname><address type="str">Jardim das rosas n. 32</address><postalcode type="str">1675</postalcode><customerid type="str">FURIB</customerid></item><item type="dict"><city type="str">Barcelona</city><contacttitle type="str">Marketing Manager</contacttitle><companyname type="str">Galeria del gastronomo</companyname><country type="str">Spain</country><region type="null"></region><fax type="str">(93) 203 4561</fax><phone type="str">(93) 203 4560</phone><contactname type="str">Eduardo Saavedra</contactname><address type="str">Rambla de Cataluna, 23</address><postalcode type="str">08022</postalcode><customerid type="str">GALED</customerid></item><item type="dict"><city type="str">Sevilla</city><contacttitle type="str">Sales Manager</contacttitle><companyname type="str">Godos Cocina Tipica</companyname><country type="str">Spain</country><region type="null"></region><fax type="null"></fax><phone type="str">(95) 555 82 82</phone><contactname type="str">Jose Pedro Freyre</contactname><address type="str">C/ Romero, 33</address><postalcode type="str">41101</postalcode><customerid type="str">GODOS</customerid></item><item type="dict"><city type="str">Campinas</city><contacttitle type="str">Sales Associate</contacttitle><companyname type="str">Gourmet Lanchonetes</companyname><country type="str">Brazil</country><region type="str">SP</region><fax type="null"></fax><phone type="str">(11) 555-9482</phone><contactname type="str">Andre Fonseca</contactname><address type="str">Av. Brasil, 442</address><postalcode type="str">04876-786</postalcode><customerid type="str">GOURL</customerid></item><item type="dict"><city type="str">Eugene</city><contacttitle type="str">Marketing Manager</contacttitle><companyname type="str">Great Lakes Food Market</companyname><country type="str">USA</country><region type="str">OR</region><fax type="null"></fax><phone type="str">(503) 555-7555</phone><contactname type="str">Howard Snyder</contactname><address type="str">2732 Baker Blvd.</address><postalcode type="str">97403</postalcode><customerid type="str">GREAL</customerid></item><item type="dict"><city type="str">Rio de Janeiro</city><contacttitle type="str">Accounting Manager</contacttitle><companyname type="str">Hanari Carnes</companyname><country type="str">Brazil</country><region type="str">RJ</region><fax type="str">(21) 555-8765</fax><phone type="str">(21) 555-0091</phone><contactname type="str">Mario Pontes</contactname><address type="str">Rua do Paco, 67</address><postalcode type="str">05454-876</postalcode><customerid type="str">HANAR</customerid></item><item type="dict"><city type="str">San Cristobal</city><contacttitle type="str">Sales Representative</contacttitle><companyname type="str">HILARION-Abastos</companyname><country type="str">Venezuela</country><region type="str">Tachira</region><fax type="str">(5) 555-1948</fax><phone type="str">(5) 555-1340</phone><contactname type="str">Carlos Hernandez</contactname><address type="str">Carrera 22 con Ave. Carlos Soublette #8-35</address><postalcode type="str">5022</postalcode><customerid type="str">HILAA</customerid></item><item type="dict"><city type="str">Elgin</city><contacttitle type="str">Sales Representative</contacttitle><companyname type="str">Hungry Coyote Import Store</companyname><country type="str">USA</country><region type="str">OR</region><fax type="str">(503) 555-2376</fax><phone type="str">(503) 555-6874</phone><contactname type="str">Yoshi Latimer</contactname><address type="str">City Center Plaza 516 Main St.</address><postalcode type="str">97827</postalcode><customerid type="str">HUNGC</customerid></item><item type="dict"><city type="str">Cork</city><contacttitle type="str">Sales Associate</contacttitle><companyname type="str">Hungry Owl All-Night Grocers</companyname><country type="str">Ireland</country><region type="str">Co. Cork</region><fax type="str">2967 3333</fax><phone type="str">2967 542</phone><contactname type="str">Patricia McKenna</contactname><address type="str">8 Johnstown Road</address><postalcode type="null"></postalcode><customerid type="str">HUNGO</customerid></item><item type="dict"><city type="str">Cowes</city><contacttitle type="str">Marketing Manager</contacttitle><companyname type="str">Island Trading</companyname><country type="str">UK</country><region type="str">Isle of Wight</region><fax type="null"></fax><phone type="str">(198) 555-8888</phone><contactname type="str">Helen Bennett</contactname><address type="str">Garden House Crowther Way</address><postalcode type="str">PO31 7PJ</postalcode><customerid type="str">ISLAT</customerid></item><item type="dict"><city type="str">Brandenburg</city><contacttitle type="str">Sales Associate</contacttitle><companyname type="str">Koniglich Essen</companyname><country type="str">Germany</country><region type="null"></region><fax type="null"></fax><phone type="str">0555-09876</phone><contactname type="str">Philip Cramer</contactname><address type="str">Maubelstr. 90</address><postalcode type="str">14776</postalcode><customerid type="str">KOENE</customerid></item><item type="dict"><city type="str">Versailles</city><contacttitle type="str">Sales Representative</contacttitle><companyname type="str">La corne d&apos;abondance</companyname><country type="str">France</country><region type="null"></region><fax type="str">30.59.85.11</fax><phone type="str">30.59.84.10</phone><contactname type="str">Daniel Tonini</contactname><address type="str">67, avenue de l&apos;Europe</address><postalcode type="str">78000</postalcode><customerid type="str">LACOR</customerid></item><item type="dict"><city type="str">Toulouse</city><contacttitle type="str">Sales Manager</contacttitle><companyname type="str">La maison d&apos;Asie</companyname><country type="str">France</country><region type="null"></region><fax type="str">61.77.61.11</fax><phone type="str">61.77.61.10</phone><contactname type="str">Annette Roulet</contactname><address type="str">1 rue Alsace-Lorraine</address><postalcode type="str">31000</postalcode><customerid type="str">LAMAI</customerid></item><item type="dict"><city type="str">Vancouver</city><contacttitle type="str">Marketing Assistant</contacttitle><companyname type="str">Laughing Bacchus Wine Cellars</companyname><country type="str">Canada</country><region type="str">BC</region><fax type="str">(604) 555-7293</fax><phone type="str">(604) 555-3392</phone><contactname type="str">Yoshi Tannamuri</contactname><address type="str">1900 Oak St.</address><postalcode type="str">V3F 2K1</postalcode><customerid type="str">LAUGB</customerid></item><item type="dict"><city type="str">Walla Walla</city><contacttitle type="str">Marketing Manager</contacttitle><companyname type="str">Lazy K Kountry Store</companyname><country type="str">USA</country><region type="str">WA</region><fax type="str">(509) 555-6221</fax><phone type="str">(509) 555-7969</phone><contactname type="str">John Steel</contactname><address type="str">12 Orchestra Terrace</address><postalcode type="str">99362</postalcode><customerid type="str">LAZYK</customerid></item><item type="dict"><city type="str">Frankfurt a.M.</city><contacttitle type="str">Sales Representative</contacttitle><companyname type="str">Lehmanns Marktstand</companyname><country type="str">Germany</country><region type="null"></region><fax type="str">069-0245874</fax><phone type="str">069-0245984</phone><contactname type="str">Renate Messner</contactname><address type="str">Magazinweg 7</address><postalcode type="str">60528</postalcode><customerid type="str">LEHMS</customerid></item><item type="dict"><city type="str">San Francisco</city><contacttitle type="str">Owner</contacttitle><companyname type="str">Let&apos;s Stop N Shop</companyname><country type="str">USA</country><region type="str">CA</region><fax type="null"></fax><phone type="str">(415) 555-5938</phone><contactname type="str">Jaime Yorres</contactname><address type="str">87 Polk St. Suite 5</address><postalcode type="str">94117</postalcode><customerid type="str">LETSS</customerid></item><item type="dict"><city type="str">Barquisimeto</city><contacttitle type="str">Accounting Manager</contacttitle><companyname type="str">LILA-Supermercado</companyname><country type="str">Venezuela</country><region type="str">Lara</region><fax type="str">(9) 331-7256</fax><phone type="str">(9) 331-6954</phone><contactname type="str">Carlos Gonzalez</contactname><address type="str">Carrera 52 con Ave. Bolivar #65-98 Llano Largo</address><postalcode type="str">3508</postalcode><customerid type="str">LILAS</customerid></item><item type="dict"><city type="str">I. de Margarita</city><contacttitle type="str">Owner</contacttitle><companyname type="str">LINO-Delicateses</companyname><country type="str">Venezuela</country><region type="str">Nueva Esparta</region><fax type="str">(8) 34-93-93</fax><phone type="str">(8) 34-56-12</phone><contactname type="str">Felipe Izquierdo</contactname><address type="str">Ave. 5 de Mayo Porlamar</address><postalcode type="str">4980</postalcode><customerid type="str">LINOD</customerid></item><item type="dict"><city type="str">Portland</city><contacttitle type="str">Sales Manager</contacttitle><companyname type="str">Lonesome Pine Restaurant</companyname><country type="str">USA</country><region type="str">OR</region><fax type="str">(503) 555-9646</fax><phone type="str">(503) 555-9573</phone><contactname type="str">Fran Wilson</contactname><address type="str">89 Chiaroscuro Rd.</address><postalcode type="str">97219</postalcode><customerid type="str">LONEP</customerid></item><item type="dict"><city type="str">Bergamo</city><contacttitle type="str">Marketing Manager</contacttitle><companyname type="str">Magazzini Alimentari Riuniti</companyname><country type="str">Italy</country><region type="null"></region><fax type="str">035-640231</fax><phone type="str">035-640230</phone><contactname type="str">Giovanni Rovelli</contactname><address type="str">Via Ludovico il Moro 22</address><postalcode type="str">24100</postalcode><customerid type="str">MAGAA</customerid></item><item type="dict"><city type="str">Bruxelles</city><contacttitle type="str">Sales Agent</contacttitle><companyname type="str">Maison Dewey</companyname><country type="str">Belgium</country><region type="null"></region><fax type="str">(02) 201 24 68</fax><phone type="str">(02) 201 24 67</phone><contactname type="str">Catherine Dewey</contactname><address type="str">Rue Joseph-Bens 532</address><postalcode type="str">B-1180</postalcode><customerid type="str">MAISD</customerid></item><item type="dict"><city type="str">Montreal</city><contacttitle type="str">Marketing Assistant</contacttitle><companyname type="str">Mere Paillarde</companyname><country type="str">Canada</country><region type="str">Quebec</region><fax type="str">(514) 555-8055</fax><phone type="str">(514) 555-8054</phone><contactname type="str">Jean Fresniere</contactname><address type="str">43 rue St. Laurent</address><postalcode type="str">H1J 1C3</postalcode><customerid type="str">MEREP</customerid></item><item type="dict"><city type="str">Leipzig</city><contacttitle type="str">Marketing Assistant</contacttitle><companyname type="str">Morgenstern Gesundkost</companyname><country type="str">Germany</country><region type="null"></region><fax type="null"></fax><phone type="str">0342-023176</phone><contactname type="str">Alexander Feuer</contactname><address type="str">Heerstr. 22</address><postalcode type="str">04179</postalcode><customerid type="str">MORGK</customerid></item><item type="dict"><city type="str">London</city><contacttitle type="str">Sales Associate</contacttitle><companyname type="str">North/South</companyname><country type="str">UK</country><region type="null"></region><fax type="str">(171) 555-2530</fax><phone type="str">(171) 555-7733</phone><contactname type="str">Simon Crowther</contactname><address type="str">South House 300 Queensbridge</address><postalcode type="str">SW7 1RZ</postalcode><customerid type="str">NORTS</customerid></item><item type="dict"><city type="str">Buenos Aires</city><contacttitle type="str">Sales Agent</contacttitle><companyname type="str">Oceano Atlantico Ltda.</companyname><country type="str">Argentina</country><region type="null"></region><fax type="str">(1) 135-5535</fax><phone type="str">(1) 135-5333</phone><contactname type="str">Yvonne Moncada</contactname><address type="str">Ing. Gustavo Moncada 8585 Piso 20-A</address><postalcode type="str">1010</postalcode><customerid type="str">OCEAN</customerid></item><item type="dict"><city type="str">Anchorage</city><contacttitle type="str">Sales Representative</contacttitle><companyname type="str">Old World Delicatessen</companyname><country type="str">USA</country><region type="str">AK</region><fax type="str">(907) 555-2880</fax><phone type="str">(907) 555-7584</phone><contactname type="str">Rene Phillips</contactname><address type="str">2743 Bering St.</address><postalcode type="str">99508</postalcode><customerid type="str">OLDWO</customerid></item><item type="dict"><city type="str">Koln</city><contacttitle type="str">Owner</contacttitle><companyname type="str">Ottilies Kaseladen</companyname><country type="str">Germany</country><region type="null"></region><fax type="str">0221-0765721</fax><phone type="str">0221-0644327</phone><contactname type="str">Henriette Pfalzheim</contactname><address type="str">Mehrheimerstr. 369</address><postalcode type="str">50739</postalcode><customerid type="str">OTTIK</customerid></item><item type="dict"><city type="str">Paris</city><contacttitle type="str">Owner</contacttitle><companyname type="str">Paris specialites</companyname><country type="str">France</country><region type="null"></region><fax type="str">(1) 42.34.22.77</fax><phone type="str">(1) 42.34.22.66</phone><contactname type="str">Marie Bertrand</contactname><address type="str">265, boulevard Charonne</address><postalcode type="str">75012</postalcode><customerid type="str">PARIS</customerid></item><item type="dict"><city type="str">Mexico D.F.</city><contacttitle type="str">Sales Representative</contacttitle><companyname type="str">Pericles Comidas clasicas</companyname><country type="str">Mexico</country><region type="null"></region><fax type="str">(5) 545-3745</fax><phone type="str">(5) 552-3745</phone><contactname type="str">Guillermo Fernandez</contactname><address type="str">Calle Dr. Jorge Cash 321</address><postalcode type="str">05033</postalcode><customerid type="str">PERIC</customerid></item><item type="dict"><city type="str">Salzburg</city><contacttitle type="str">Sales Manager</contacttitle><companyname type="str">Piccolo und mehr</companyname><country type="str">Austria</country><region type="null"></region><fax type="str">6562-9723</fax><phone type="str">6562-9722</phone><contactname type="str">Georg Pipps</contactname><address type="str">Geislweg 14</address><postalcode type="str">5020</postalcode><customerid type="str">PICCO</customerid></item><item type="dict"><city type="str">Lisboa</city><contacttitle type="str">Sales Representative</contacttitle><companyname type="str">Princesa Isabel Vinhos</companyname><country type="str">Portugal</country><region type="null"></region><fax type="null"></fax><phone type="str">(1) 356-5634</phone><contactname type="str">Isabel de Castro</contactname><address type="str">Estrada da saude n. 58</address><postalcode type="str">1756</postalcode><customerid type="str">PRINI</customerid></item><item type="dict"><city type="str">Rio de Janeiro</city><contacttitle type="str">Accounting Manager</contacttitle><companyname type="str">Que Delicia</companyname><country type="str">Brazil</country><region type="str">RJ</region><fax type="str">(21) 555-4545</fax><phone type="str">(21) 555-4252</phone><contactname type="str">Bernardo Batista</contactname><address type="str">Rua da Panificadora, 12</address><postalcode type="str">02389-673</postalcode><customerid type="str">QUEDE</customerid></item><item type="dict"><city type="str">Sao Paulo</city><contacttitle type="str">Marketing Assistant</contacttitle><companyname type="str">Queen Cozinha</companyname><country type="str">Brazil</country><region type="str">SP</region><fax type="null"></fax><phone type="str">(11) 555-1189</phone><contactname type="str">Lucia Carvalho</contactname><address type="str">Alameda dos Canarios, 891</address><postalcode type="str">05487-020</postalcode><customerid type="str">QUEEN</customerid></item><item type="dict"><city type="str">Cunewalde</city><contacttitle type="str">Accounting Manager</contacttitle><companyname type="str">QUICK-Stop</companyname><country type="str">Germany</country><region type="null"></region><fax type="null"></fax><phone type="str">0372-035188</phone><contactname type="str">Horst Kloss</contactname><address type="str">Taucherstrasse 10</address><postalcode type="str">01307</postalcode><customerid type="str">QUICK</customerid></item><item type="dict"><city type="str">Buenos Aires</city><contacttitle type="str">Sales Representative</contacttitle><companyname type="str">Rancho grande</companyname><country type="str">Argentina</country><region type="null"></region><fax type="str">(1) 123-5556</fax><phone type="str">(1) 123-5555</phone><contactname type="str">Sergio Gutierrez</contactname><address type="str">Av. del Libertador 900</address><postalcode type="str">1010</postalcode><customerid type="str">RANCH</customerid></item><item type="dict"><city type="str">Albuquerque</city><contacttitle type="str">Assistant Sales Representative</contacttitle><companyname type="str">Rattlesnake Canyon Grocery</companyname><country type="str">USA</country><region type="str">NM</region><fax type="str">(505) 555-3620</fax><phone type="str">(505) 555-5939</phone><contactname type="str">Paula Wilson</contactname><address type="str">2817 Milton Dr.</address><postalcode type="str">87110</postalcode><customerid type="str">RATTC</customerid></item><item type="dict"><city type="str">Reggio Emilia</city><contacttitle type="str">Sales Associate</contacttitle><companyname type="str">Reggiani Caseifici</companyname><country type="str">Italy</country><region type="null"></region><fax type="str">0522-556722</fax><phone type="str">0522-556721</phone><contactname type="str">Maurizio Moroni</contactname><address type="str">Strada Provinciale 124</address><postalcode type="str">42100</postalcode><customerid type="str">REGGC</customerid></item><item type="dict"><city type="str">Rio de Janeiro</city><contacttitle type="str">Assistant Sales Agent</contacttitle><companyname type="str">Ricardo Adocicados</companyname><country type="str">Brazil</country><region type="str">RJ</region><fax type="null"></fax><phone type="str">(21) 555-3412</phone><contactname type="str">Janete Limeira</contactname><address type="str">Av. Copacabana, 267</address><postalcode type="str">02389-890</postalcode><customerid type="str">RICAR</customerid></item><item type="dict"><city type="str">Geneve</city><contacttitle type="str">Sales Manager</contacttitle><companyname type="str">Richter Supermarkt</companyname><country type="str">Switzerland</country><region type="null"></region><fax type="null"></fax><phone type="str">0897-034214</phone><contactname type="str">Michael Holz</contactname><address type="str">Grenzacherweg 237</address><postalcode type="str">1203</postalcode><customerid type="str">RICSU</customerid></item><item type="dict"><city type="str">Madrid</city><contacttitle type="str">Accounting Manager</contacttitle><companyname type="str">Romero y tomillo</companyname><country type="str">Spain</country><region type="null"></region><fax type="str">(91) 745 6210</fax><phone type="str">(91) 745 6200</phone><contactname type="str">Alejandra Camino</contactname><address type="str">Gran Via, 1</address><postalcode type="str">28001</postalcode><customerid type="str">ROMEY</customerid></item><item type="dict"><city type="str">Stavern</city><contacttitle type="str">Owner</contacttitle><companyname type="str">Sante Gourmet</companyname><country type="str">Norway</country><region type="null"></region><fax type="str">07-98 92 47</fax><phone type="str">07-98 92 35</phone><contactname type="str">Jonas Bergulfsen</contactname><address type="str">Erling Skakkes gate 78</address><postalcode type="str">4110</postalcode><customerid type="str">SANTG</customerid></item><item type="dict"><city type="str">Boise</city><contacttitle type="str">Sales Representative</contacttitle><companyname type="str">Save-a-lot Markets</companyname><country type="str">USA</country><region type="str">ID</region><fax type="null"></fax><phone type="str">(208) 555-8097</phone><contactname type="str">Jose Pavarotti</contactname><address type="str">187 Suffolk Ln.</address><postalcode type="str">83720</postalcode><customerid type="str">SAVEA</customerid></item><item type="dict"><city type="str">London</city><contacttitle type="str">Sales Manager</contacttitle><companyname type="str">Seven Seas Imports</companyname><country type="str">UK</country><region type="null"></region><fax type="str">(171) 555-5646</fax><phone type="str">(171) 555-1717</phone><contactname type="str">Hari Kumar</contactname><address type="str">90 Wadhurst Rd.</address><postalcode type="str">OX15 4NB</postalcode><customerid type="str">SEVES</customerid></item><item type="dict"><city type="str">Kobenhavn</city><contacttitle type="str">Owner</contacttitle><companyname type="str">Simons bistro</companyname><country type="str">Denmark</country><region type="null"></region><fax type="str">31 13 35 57</fax><phone type="str">31 12 34 56</phone><contactname type="str">Jytte Petersen</contactname><address type="str">Vinbaeltet 34</address><postalcode type="str">1734</postalcode><customerid type="str">SIMOB</customerid></item><item type="dict"><city type="str">Paris</city><contacttitle type="str">Marketing Manager</contacttitle><companyname type="str">Specialites du monde</companyname><country type="str">France</country><region type="null"></region><fax type="str">(1) 47.55.60.20</fax><phone type="str">(1) 47.55.60.10</phone><contactname type="str">Dominique Perrier</contactname><address type="str">25, rue Lauriston</address><postalcode type="str">75016</postalcode><customerid type="str">SPECD</customerid></item><item type="dict"><city type="str">Lander</city><contacttitle type="str">Sales Manager</contacttitle><companyname type="str">Split Rail Beer &amp; Ale</companyname><country type="str">USA</country><region type="str">WY</region><fax type="str">(307) 555-6525</fax><phone type="str">(307) 555-4680</phone><contactname type="str">Art Braunschweiger</contactname><address type="str">P.O. Box 555</address><postalcode type="str">82520</postalcode><customerid type="str">SPLIR</customerid></item><item type="dict"><city type="str">Charleroi</city><contacttitle type="str">Accounting Manager</contacttitle><companyname type="str">Supremes delices</companyname><country type="str">Belgium</country><region type="null"></region><fax type="str">(071) 23 67 22 21</fax><phone type="str">(071) 23 67 22 20</phone><contactname type="str">Pascale Cartrain</contactname><address type="str">Boulevard Tirou, 255</address><postalcode type="str">B-6000</postalcode><customerid type="str">SUPRD</customerid></item><item type="dict"><city type="str">Portland</city><contacttitle type="str">Marketing Manager</contacttitle><companyname type="str">The Big Cheese</companyname><country type="str">USA</country><region type="str">OR</region><fax type="null"></fax><phone type="str">(503) 555-3612</phone><contactname type="str">Liz Nixon</contactname><address type="str">89 Jefferson Way Suite 2</address><postalcode type="str">97201</postalcode><customerid type="str">THEBI</customerid></item><item type="dict"><city type="str">Butte</city><contacttitle type="str">Marketing Assistant</contacttitle><companyname type="str">The Cracker Box</companyname><country type="str">USA</country><region type="str">MT</region><fax type="str">(406) 555-8083</fax><phone type="str">(406) 555-5834</phone><contactname type="str">Liu Wong</contactname><address type="str">55 Grizzly Peak Rd.</address><postalcode type="str">59801</postalcode><customerid type="str">THECR</customerid></item><item type="dict"><city type="str">Munster</city><contacttitle type="str">Marketing Manager</contacttitle><companyname type="str">Toms Spezialitaten</companyname><country type="str">Germany</country><region type="null"></region><fax type="str">0251-035695</fax><phone type="str">0251-031259</phone><contactname type="str">Karin Josephs</contactname><address type="str">Luisenstr. 48</address><postalcode type="str">44087</postalcode><customerid type="str">TOMSP</customerid></item><item type="dict"><city type="str">Mexico D.F.</city><contacttitle type="str">Owner</contacttitle><companyname type="str">Tortuga Restaurante</companyname><country type="str">Mexico</country><region type="null"></region><fax type="null"></fax><phone type="str">(5) 555-2933</phone><contactname type="str">Miguel Angel Paolino</contactname><address type="str">Avda. Azteca 123</address><postalcode type="str">05033</postalcode><customerid type="str">TORTU</customerid></item><item type="dict"><city type="str">Sao Paulo</city><contacttitle type="str">Sales Representative</contacttitle><companyname type="str">Tradicao Hipermercados</companyname><country type="str">Brazil</country><region type="str">SP</region><fax type="str">(11) 555-2168</fax><phone type="str">(11) 555-2167</phone><contactname type="str">Anabela Domingues</contactname><address type="str">Av. Ines de Castro, 414</address><postalcode type="str">05634-030</postalcode><customerid type="str">TRADH</customerid></item><item type="dict"><city type="str">Kirkland</city><contacttitle type="str">Sales Associate</contacttitle><companyname type="str">Trail&apos;s Head Gourmet Provisioners</companyname><country type="str">USA</country><region type="str">WA</region><fax type="str">(206) 555-2174</fax><phone type="str">(206) 555-8257</phone><contactname type="str">Helvetius Nagy</contactname><address type="str">722 DaVinci Blvd.</address><postalcode type="str">98034</postalcode><customerid type="str">TRAIH</customerid></item><item type="dict"><city type="str">Arhus</city><contacttitle type="str">Sales Manager</contacttitle><companyname type="str">Vaffeljernet</companyname><country type="str">Denmark</country><region type="null"></region><fax type="str">86 22 33 44</fax><phone type="str">86 21 32 43</phone><contactname type="str">Palle Ibsen</contactname><address type="str">Smagsloget 45</address><postalcode type="str">8200</postalcode><customerid type="str">VAFFE</customerid></item><item type="dict"><city type="str">Lyon</city><contacttitle type="str">Sales Agent</contacttitle><companyname type="str">Victuailles en stock</companyname><country type="str">France</country><region type="null"></region><fax type="str">78.32.54.87</fax><phone type="str">78.32.54.86</phone><contactname type="str">Mary Saveley</contactname><address type="str">2, rue du Commerce</address><postalcode type="str">69004</postalcode><customerid type="str">VICTE</customerid></item><item type="dict"><city type="str">Reims</city><contacttitle type="str">Accounting Manager</contacttitle><companyname type="str">Vins et alcools Chevalier</companyname><country type="str">France</country><region type="null"></region><fax type="str">26.47.15.11</fax><phone type="str">26.47.15.10</phone><contactname type="str">Paul Henriot</contactname><address type="str">59 rue de l&apos;Abbaye</address><postalcode type="str">51100</postalcode><customerid type="str">VINET</customerid></item><item type="dict"><city type="str">Stuttgart</city><contacttitle type="str">Sales Representative</contacttitle><companyname type="str">Die Wandernde Kuh</companyname><country type="str">Germany</country><region type="null"></region><fax type="str">0711-035428</fax><phone type="str">0711-020361</phone><contactname type="str">Rita Muller</contactname><address type="str">Adenauerallee 900</address><postalcode type="str">70563</postalcode><customerid type="str">WANDK</customerid></item><item type="dict"><city type="str">Oulu</city><contacttitle type="str">Accounting Manager</contacttitle><companyname type="str">Wartian Herkku</companyname><country type="str">Finland</country><region type="null"></region><fax type="str">981-443655</fax><phone type="str">981-443655</phone><contactname type="str">Pirkko Koskitalo</contactname><address type="str">Torikatu 38</address><postalcode type="str">90110</postalcode><customerid type="str">WARTH</customerid></item><item type="dict"><city type="str">Resende</city><contacttitle type="str">Sales Manager</contacttitle><companyname type="str">Wellington Importadora</companyname><country type="str">Brazil</country><region type="str">SP</region><fax type="null"></fax><phone type="str">(14) 555-8122</phone><contactname type="str">Paula Parente</contactname><address type="str">Rua do Mercado, 12</address><postalcode type="str">08737-363</postalcode><customerid type="str">WELLI</customerid></item><item type="dict"><city type="str">Seattle</city><contacttitle type="str">Owner</contacttitle><companyname type="str">White Clover Markets</companyname><country type="str">USA</country><region type="str">WA</region><fax type="str">(206) 555-4115</fax><phone type="str">(206) 555-4112</phone><contactname type="str">Karl Jablonski</contactname><address type="str">305 - 14th Ave. S. Suite 3B</address><postalcode type="str">98128</postalcode><customerid type="str">WHITC</customerid></item><item type="dict"><city type="str">Helsinki</city><contacttitle type="str">Owner/Marketing Assistant</contacttitle><companyname type="str">Wilman Kala</companyname><country type="str">Finland</country><region type="null"></region><fax type="str">90-224 8858</fax><phone type="str">90-224 8858</phone><contactname type="str">Matti Karttunen</contactname><address type="str">Keskuskatu 45</address><postalcode type="str">21240</postalcode><customerid type="str">WILMK</customerid></item><item type="dict"><city type="str">Warszawa</city><contacttitle type="str">Owner</contacttitle><companyname type="str">Wolski  Zajazd</companyname><country type="str">Poland</country><region type="null"></region><fax type="str">(26) 642-7012</fax><phone type="str">(26) 642-7012</phone><contactname type="str">Zbyszek Piestrzeniewicz</contactname><address type="str">ul. Filtrowa 68</address><postalcode type="str">01-012</postalcode><customerid type="str">WOLZA</customerid></item></root>