{"productid":1,"productname":"Chai","supplierid":8,"categoryid":1,"quantityperunit":"10 boxes x 30 bags","unitprice":18.0,"unitsinstock":39,"unitsonorder":0,"reorderlevel":10,"discontinued":1}
{"productid":2,"productname":"Chang","supplierid":1,"categoryid":1,"quantityperunit":"24 - 12 oz bottles","unitprice":19.0,"unitsinstock":17,"unitsonorder":40,"reorderlevel":25,"discontinued":1}
{"productid":3,"productname":"Aniseed Syrup","supplierid":1,"categoryid":2,"quantityperunit":"12 - 550 ml bottles","unitprice":10.0,"unitsinstock":13,"unitsonorder":70,"reorderlevel":25,"discontinued":0}
{"productid":4,"productname":"Chef Anton's Cajun Seasoning","supplierid":2,"categoryid":2,"quantityperunit":"48 - 6 oz jars","unitprice":22.0,"unitsinstock":53,"unitsonorder":0,"reorderlevel":0,"discontinued":0}
{"productid":5,"productname":"Chef Anton's Gumbo Mix","supplierid":2,"categoryid":2,"quantityperunit":"36 boxes","unitprice":21.35,"unitsinstock":0,"unitsonorder":0,"reorderlevel":0,"discontinued":1}
{"productid":6,"productname":"Grandma's Boysenberry Spread","supplierid":3,"categoryid":2,"quantityperunit":"12 - 8 oz jars","unitprice":25.0,"unitsinstock":120,"unitsonorder":0,"reorderlevel":25,"discontinued":0}
{"productid":7,"productname":"Uncle Bob's Organic Dried Pears","supplierid":3,"categoryid":7,"quantityperunit":"12 - 1 lb pkgs.","unitprice":30.0,"unitsinstock":15,"unitsonorder":0,"reorderlevel":10,"discontinued":0}
{"productid":8,"productname":"Northwoods Cranberry Sauce","supplierid":3,"categoryid":2,"quantityperunit":"12 - 12 oz jars","unitprice":40.0,"unitsinstock":6,"unitsonorder":0,"reorderlevel":0,"discontinued":0}
{"productid":9,"productname":"Mishi Kobe Niku","supplierid":4,"categoryid":6,"quantityperunit":"18 - 500 g pkgs.","unitprice":97.0,"unitsinstock":29,"unitsonorder":0,"reorderlevel":0,"discontinued":1}
{"productid":10,"productname":"Ikura","supplierid":4,"categoryid":8,"quantityperunit":"12 - 200 ml jars","unitprice":31.0,"unitsinstock":31,"unitsonorder":0,"reorderlevel":0,"discontinued":0}
{"productid":11,"productname":"Queso Cabrales","supplierid":5,"categoryid":4,"quantityperunit":"1 kg pkg.","unitprice":21.0,"unitsinstock":22,"unitsonorder":30,"reorderlevel":30,"discontinued":0}
{"productid":12,"productname":"Queso Manchego La Pastora","supplierid":5,"categoryid":4,"quantityperunit":"10 - 500 g pkgs.","unitprice":38.0,"unitsinstock":86,"unitsonorder":0,"reorderlevel":0,"discontinued":0}
{"productid":13,"productname":"Konbu","supplierid":6,"categoryid":8,"quantityperunit":"2 kg box","unitprice":6.0,"unitsinstock":24,"unitsonorder":0,"reorderlevel":5,"discontinued":0}
{"productid":14,"productname":"Tofu","supplierid":6,"categoryid":7,"quantityperunit":"40 - 100 g pkgs.","unitprice":23.25,"unitsinstock":35,"unitsonorder":0,"reorderlevel":0,"discontinued":0}
{"productid":15,"productname":"Genen Shouyu","supplierid":6,"categoryid":2,"quantityperunit":"24 - 250 ml bottles","unitprice":13.0,"unitsinstock":39,"unitsonorder":0,"reorderlevel":5,"discontinued":0}
{"productid":16,"productname":"Pavlova","supplierid":7,"categoryid":3,"quantityperunit":"32 - 500 g boxes","unitprice":17.45,"unitsinstock":29,"unitsonorder":0,"reorderlevel":10,"discontinued":0}
{"productid":17,"productname":"Alice Mutton","supplierid":7,"categoryid":6,"quantityperunit":"20 - 1 kg tins","unitprice":39.0,"unitsinstock":0,"unitsonorder":0,"reorderlevel":0,"discontinued":1}
{"productid":18,"productname":"Carnarvon Tigers","supplierid":7,"categoryid":8,"quantityperunit":"16 kg pkg.","unitprice":62.5,"unitsinstock":42,"unitsonorder":0,"reorderlevel":0,"discontinued":0}
{"productid":19,"productname":"Teatime Chocolate Biscuits","supplierid":8,"categoryid":3,"quantityperunit":"10 boxes x 12 pieces","unitprice":9.2,"unitsinstock":25,"unitsonorder":0,"reorderlevel":5,"discontinued":0}
{"productid":20,"productname":"Sir Rodney's Marmalade","supplierid":8,"categoryid":3,"quantityperunit":"30 gift boxes","unitprice":81.0,"unitsinstock":40,"unitsonorder":0,"reorderlevel":0,"discontinued":0}
{"productid":21,"productname":"Sir Rodney's Scones","supplierid":8,"categoryid":3,"quantityperunit":"24 pkgs. x 4 pieces","unitprice":10.0,"unitsinstock":3,"unitsonorder":40,"reorderlevel":5,"discontinued":0}
{"productid":22,"productname":"Gustaf's Knackebrod","supplierid":9,"categoryid":5,"quantityperunit":"24 - 500 g pkgs.","unitprice":21.0,"unitsinstock":104,"unitsonorder":0,"reorderlevel":25,"discontinued":0}
{"productid":23,"productname":"Tunnbrod","supplierid":9,"categoryid":5,"quantityperunit":"12 - 250 g pkgs.","unitprice":9.0,"unitsinstock":61,"unitsonorder":0,"reorderlevel":25,"discontinued":0}
{"productid":24,"productname":"Guarana Fantastica","supplierid":10,"categoryid":1,"quantityperunit":"12 - 355 ml cans","unitprice":4.5,"unitsinstock":20,"unitsonorder":0,"reorderlevel":0,"discontinued":1}
{"productid":25,"productname":"NuNuCa Nuss-Nougat-Creme","supplierid":11,"categoryid":3,"quantityperunit":"20 - 450 g glasses","unitprice":14.0,"unitsinstock":76,"unitsonorder":0,"reorderlevel":30,"discontinued":0}
{"productid":26,"productname":"Gumbar Gummibarchen","supplierid":11,"categoryid":3,"quantityperunit":"100 - 250 g bags","unitprice":31.23,"unitsinstock":15,"unitsonorder":0,"reorderlevel":0,"discontinued":0}
{"productid":27,"productname":"Schoggi Schokolade","supplierid":11,"categoryid":3,"quantityperunit":"100 - 100 g pieces","unitprice":43.9,"unitsinstock":49,"unitsonorder":0,"reorderlevel":30,"discontinued":0}
{"productid":28,"productname":"Rossle Sauerkraut","supplierid":12,"categoryid":7,"quantityperunit":"25 - 825 g cans","unitprice":45.6,"unitsinstock":26,"unitsonorder":0,"reorderlevel":0,"discontinued":1}
{"productid":29,"productname":"Thuringer Rostbratwurst","supplierid":12,"categoryid":6,"quantityperunit":"50 bags x 30 sausgs.","unitprice":123.79,"unitsinstock":0,"unitsonorder":0,"reorderlevel":0,"discontinued":1}
{"productid":30,"productname":"Nord-Ost Matjeshering","supplierid":13,"categoryid":8,"quantityperunit":"10 - 200 g glasses","unitprice":25.89,"unitsinstock":10,"unitsonorder":0,"reorderlevel":15,"discontinued":0}
{"productid":31,"productname":"Gorgonzola Telino","supplierid":14,"categoryid":4,"quantityperunit":"12 - 100 g pkgs","unitprice":12.5,"unitsinstock":0,"unitsonorder":70,"reorderlevel":20,"discontinued":0}
{"productid":32,"productname":"Mascarpone Fabioli","supplierid":14,"categoryid":4,"quantityperunit":"24 - 200 g pkgs.","unitprice":32.0,"unitsinstock":9,"unitsonorder":40,"reorderlevel":25,"discontinued":0}
{"productid":33,"productname":"Geitost","supplierid":15,"categoryid":4,"quantityperunit":"500 g","unitprice":2.5,"unitsinstock":112,"unitsonorder":0,"reorderlevel":20,"discontinued":0}
{"productid":34,"productname":"Sasquatch Ale","supplierid":16,"categoryid":1,"quantityperunit":"24 - 12 oz bottles","unitprice":14.0,"unitsinstock":111,"unitsonorder":0,"reorderlevel":15,"discontinued":0}
{"productid":35,"productname":"Steeleye Stout","supplierid":16,"categoryid":1,"quantityperunit":"24 - 12 oz bottles","unitprice":18.0,"unitsinstock":20,"unitsonorder":0,"reorderlevel":15,"discontinued":0}
{"productid":36,"productname":"Inlagd Sill","supplierid":17,"categoryid":8,"quantityperunit":"24 - 250 g  jars","unitprice":19.0,"unitsinstock":112,"unitsonorder":0,"reorderlevel":20,"discontinued":0}
{"productid":37,"productname":"Gravad lax","supplierid":17,"categoryid":8,"quantityperunit":"12 - 500 g pkgs.","unitprice":26.0,"unitsinstock":11,"unitsonorder":50,"reorderlevel":25,"discontinued":0}
{"productid":38,"productname":"Cote de Blaye","supplierid":18,"categoryid":1,"quantityperunit":"12 - 75 cl bottles","unitprice":263.5,"unitsinstock":17,"unitsonorder":0,"reorderlevel":15,"discontinued":0}
{"productid":39,"productname":"Chartreuse verte","supplierid":18,"categoryid":1,"quantityperunit":"750 cc per bottle","unitprice":18.0,"unitsinstock":69,"unitsonorder":0,"reorderlevel":5,"discontinued":0}
{"productid":40,"productname":"Boston Crab Meat","supplierid":19,"categoryid":8,"quantityperunit":"24 - 4 oz tins","unitprice":18.4,"unitsinstock":123,"unitsonorder":0,"reorderlevel":30,"discontinued":0}
{"productid":41,"productname":"Jack's New England Clam Chowder","supplierid":19,"categoryid":8,"quantityperunit":"12 - 12 oz cans","unitprice":9.65,"unitsinstock":85,"unitsonorder":0,"reorderlevel":10,"discontinued":0}
{"productid":42,"productname":"Singaporean Hokkien Fried Mee","supplierid":20,"categoryid":5,"quantityperunit":"32 - 1 kg pkgs.","unitprice":14.0,"unitsinstock":26,"unitsonorder":0,"reorderlevel":0,"discontinued":1}
{"productid":43,"productname":"Ipoh Coffee","supplierid":20,"categoryid":1,"quantityperunit":"16 - 500 g tins","unitprice":46.0,"unitsinstock":17,"unitsonorder":10,"reorderlevel":25,"discontinued":0}
{"productid":44,"productname":"Gula Malacca","supplierid":20,"categoryid":2,"quantityperunit":"20 - 2 kg bags","unitprice":19.45,"unitsinstock":27,"unitsonorder":0,"reorderlevel":15,"discontinued":0}
{"productid":45,"productname":"Rogede sild","supplierid":21,"categoryid":8,"quantityperunit":"1k pkg.","unitprice":9.5,"unitsinstock":5,"unitsonorder":70,"reorderlevel":15,"discontinued":0}
{"productid":46,"productname":"Spegesild","supplierid":21,"categoryid":8,"quantityperunit":"4 - 450 g glasses","unitprice":12.0,"unitsinstock":95,"unitsonorder":0,"reorderlevel":0,"discontinued":0}
{"productid":47,"productname":"Zaanse koeken","supplierid":22,"categoryid":3,"quantityperunit":"10 - 4 oz boxes","unitprice":9.5,"unitsinstock":36,"unitsonorder":0,"reorderlevel":0,"discontinued":0}
{"productid":48,"productname":"Chocolade","supplierid":22,"categoryid":3,"quantityperunit":"10 pkgs.","unitprice":12.75,"unitsinstock":15,"unitsonorder":70,"reorderlevel":25,"discontinued":0}
{"productid":49,"productname":"Maxilaku","supplierid":23,"categoryid":3,"quantityperunit":"24 - 50 g pkgs.","unitprice":20.0,"unitsinstock":10,"unitsonorder":60,"reorderlevel":15,"discontinued":0}
{"productid":50,"productname":"Valkoinen suklaa","supplierid":23,"categoryid":3,"quantityperunit":"12 - 100 g bars","unitprice":16.25,"unitsinstock":65,"unitsonorder":0,"reorderlevel":30,"discontinued":0}
{"productid":51,"productname":"Manjimup Dried Apples","supplierid":24,"categoryid":7,"quantityperunit":"50 - 300 g pkgs.","unitprice":53.0,"unitsinstock":20,"unitsonorder":0,"reorderlevel":10,"discontinued":0}
{"productid":52,"productname":"Filo Mix","supplierid":24,"categoryid":5,"quantityperunit":"16 - 2 kg boxes","unitprice":7.0,"unitsinstock":38,"unitsonorder":0,"reorderlevel":25,"discontinued":0}
{"productid":53,"productname":"Perth Pasties","supplierid":24,"categoryid":6,"quantityperunit":"48 pieces","unitprice":32.8,"unitsinstock":0,"unitsonorder":0,"reorderlevel":0,"discontinued":1}
{"productid":54,"productname":"Tourtiere","supplierid":25,"categoryid":6,"quantityperunit":"16 pies","unitprice":7.45,"unitsinstock":21,"unitsonorder":0,"reorderlevel":10,"discontinued":0}
{"productid":55,"productname":"Pate chinois","supplierid":25,"categoryid":6,"quantityperunit":"24 boxes x 2 pies","unitprice":24.0,"unitsinstock":115,"unitsonorder":0,"reorderlevel":20,"discontinued":0}
{"productid":56,"productname":"Gnocchi di nonna Alice","supplierid":26,"categoryid":5,"quantityperunit":"24 - 250 g pkgs.","unitprice":38.0,"unitsinstock":21,"unitsonorder":10,"reorderlevel":30,"discontinued":0}
{"productid":57,"productname":"Ravioli Angelo","supplierid":26,"categoryid":5,"quantityperunit":"24 - 250 g pkgs.","unitprice":19.5,"unitsinstock":36,"unitsonorder":0,"reorderlevel":20,"discontinued":0}
{"productid":58,"productname":"Escargots de Bourgogne","supplierid":27,"categoryid":8,"quantityperunit":"24 pieces","unitprice":13.25,"unitsinstock":62,"unitsonorder":0,"reorderlevel":20,"discontinued":0}
{"productid":59,"productname":"Raclette Courdavault","supplierid":28,"categoryid":4,"quantityperunit":"5 kg pkg.","unitprice":55.0,"unitsinstock":79,"unitsonorder":0,"reorderlevel":0,"discontinued":0}
{"productid":60,"productname":"Camembert Pierrot","supplierid":28,"categoryid":4,"quantityperunit":"15 - 300 g rounds","unitprice":34.0,"unitsinstock":19,"unitsonorder":0,"reorderlevel":0,"discontinued":0}
{"productid":61,"productname":"Sirop d'erable","supplierid":29,"categoryid":2,"quantityperunit":"24 - 500 ml bottles","unitprice":28.5,"unitsinstock":113,"unitsonorder":0,"reorderlevel":25,"discontinued":0}
{"productid":62,"productname":"Tarte au sucre","supplierid":29,"categoryid":3,"quantityperunit":"48 pies","unitprice":49.3,"unitsinstock":17,"unitsonorder":0,"reorderlevel":0,"discontinued":0}
{"productid":63,"productname":"Vegie-spread","supplierid":7,"categoryid":2,"quantityperunit":"15 - 625 g jars","unitprice":43.9,"unitsinstock":24,"unitsonorder":0,"reorderlevel":5,"discontinued":0}
{"productid":64,"productname":"Wimmers gute Semmelknodel","supplierid":12,"categoryid":5,"quantityperunit":"20 bags x 4 pieces","unitprice":33.25,"unitsinstock":22,"unitsonorder":80,"reorderlevel":30,"discontinued":0}
{"productid":65,"productname":"Louisiana Fiery Hot Pepper Sauce","supplierid":2,"categoryid":2,"quantityperunit":"32 - 8 oz bottles","unitprice":21.05,"unitsinstock":76,"unitsonorder":0,"reorderlevel":0,"discontinued":0}
{"productid":66,"productname":"Louisiana Hot Spiced Okra","supplierid":2,"categoryid":2,"quantityperunit":"24 - 8 oz jars","unitprice":17.0,"unitsinstock":4,"unitsonorder":100,"reorderlevel":20,"discontinued":0}
{"productid":67,"productname":"Laughing Lumberjack Lager","supplierid":16,"categoryid":1,"quantityperunit":"24 - 12 oz bottles","unitprice":14.0,"unitsinstock":52,"unitsonorder":0,"reorderlevel":10,"discontinued":0}
{"productid":68,"productname":"Scottish Longbreads","supplierid":8,"categoryid":3,"quantityperunit":"10 boxes x 8 pieces","unitprice":12.5,"unitsinstock":6,"unitsonorder":10,"reorderlevel":15,"discontinued":0}
{"productid":69,"productname":"Gudbrandsdalsost","supplierid":15,"categoryid":4,"quantityperunit":"10 kg pkg.","unitprice":36.0,"unitsinstock":26,"unitsonorder":0,"reorderlevel":15,"discontinued":0}
{"productid":70,"productname":"Outback Lager","supplierid":7,"categoryid":1,"quantityperunit":"24 - 355 ml bottles","unitprice":15.0,"unitsinstock":15,"unitsonorder":10,"reorderlevel":30,"discontinued":0}
{"productid":71,"productname":"Flotemysost","supplierid":15,"categoryid":4,"quantityperunit":"10 - 500 g pkgs.","unitprice":21.5,"unitsinstock":26,"unitsonorder":0,"reorderlevel":0,"discontinued":0}
{"productid":72,"productname":"Mozzarella di Giovanni","supplierid":14,"categoryid":4,"quantityperunit":"24 - 200 g pkgs.","unitprice":34.8,"unitsinstock":14,"unitsonorder":0,"reorderlevel":0,"discontinued":0}
{"productid":73,"productname":"Rod Kaviar","supplierid":17,"categoryid":8,"quantityperunit":"24 - 150 g jars","unitprice":15.0,"unitsinstock":101,"unitsonorder":0,"reorderlevel":5,"discontinued":0}
{"productid":74,"productname":"Longlife Tofu","supplierid":4,"categoryid":7,"quantityperunit":"5 kg pkg.","unitprice":10.0,"unitsinstock":4,"unitsonorder":20,"reorderlevel":5,"discontinued":0}
{"productid":75,"productname":"Rhonbrau Klosterbier","supplierid":12,"categoryid":1,"quantityperunit":"24 - 0.5 l bottles","unitprice":7.75,"unitsinstock":125,"unitsonorder":0,"reorderlevel":25,"discontinued":0}
{"productid":76,"productname":"Lakkalikoori","supplierid":23,"categoryid":1,"quantityperunit":"500 ml","unitprice":18.0,"unitsinstock":57,"unitsonorder":0,"reorderlevel":20,"discontinued":0}
{"productid":77,"productname":"Original Frankfurter grune Sosse","supplierid":12,"categoryid":2,"quantityperunit":"12 boxes","unitprice":13.0,"unitsinstock":32,"unitsonorder":0,"reorderlevel":15,"discontinued":0}
