{"territoryid":"01581","territoryname":"Westboro","regionid":1}
{"territoryid":"01730","territoryname":"Bedford","regionid":1}
{"territoryid":"01833","territoryname":"Georgetow","regionid":1}
{"territoryid":"02116","territoryname":"Boston","regionid":1}
{"territoryid":"02139","territoryname":"Cambridge","regionid":1}
{"territoryid":"02184","territoryname":"Braintree","regionid":1}
{"territoryid":"02903","territoryname":"Providence","regionid":1}
{"territoryid":"03049","territoryname":"Hollis","regionid":3}
{"territoryid":"03801","territoryname":"Portsmouth","regionid":3}
{"territoryid":"06897","territoryname":"Wilton","regionid":1}
{"territoryid":"07960","territoryname":"Morristown","regionid":1}
{"territoryid":"08837","territoryname":"Edison","regionid":1}
{"territoryid":"10019","territoryname":"New York","regionid":1}
{"territoryid":"10038","territoryname":"New York","regionid":1}
{"territoryid":"11747","territoryname":"Mellvile","regionid":1}
{"territoryid":"14450","territoryname":"Fairport","regionid":1}
{"territoryid":"19428","territoryname":"Philadelphia","regionid":3}
{"territoryid":"19713","territoryname":"Neward","regionid":1}
{"territoryid":"20852","territoryname":"Rockville","regionid":1}
{"territoryid":"27403","territoryname":"Greensboro","regionid":1}
{"territoryid":"27511","territoryname":"Cary","regionid":1}
{"territoryid":"29202","territoryname":"Columbia","regionid":4}
{"territoryid":"30346","territoryname":"Atlanta","regionid":4}
{"territoryid":"31406","territoryname":"Savannah","regionid":4}
{"territoryid":"32859","territoryname":"Orlando","regionid":4}
{"territoryid":"33607","territoryname":"Tampa","regionid":4}
{"territoryid":"40222","territoryname":"Louisville","regionid":1}
{"territoryid":"44122","territoryname":"Beachwood","regionid":3}
{"territoryid":"45839","territoryname":"Findlay","regionid":3}
{"territoryid":"48075","territoryname":"Southfield","regionid":3}
{"territoryid":"48084","territoryname":"Troy","regionid":3}
{"territoryid":"48304","territoryname":"Bloomfield Hills","regionid":3}
{"territoryid":"53404","territoryname":"Racine","regionid":3}
{"territoryid":"55113","territoryname":"Roseville","regionid":3}
{"territoryid":"55439","territoryname":"Minneapolis","regionid":3}
{"territoryid":"60179","territoryname":"Hoffman Estates","regionid":2}
{"territoryid":"60601","territoryname":"Chicago","regionid":2}
{"territoryid":"72716","territoryname":"Bentonville","regionid":4}
{"territoryid":"75234","territoryname":"Dallas","regionid":4}
{"territoryid":"78759","territoryname":"Austin","regionid":4}
{"territoryid":"80202","territoryname":"Denver","regionid":2}
{"territoryid":"80909","territoryname":"Colorado Springs","regionid":2}
{"territoryid":"85014","territoryname":"Phoenix","regionid":2}
{"territoryid":"85251","territoryname":"Scottsdale","regionid":2}
{"territoryid":"90405","territoryname":"Santa Monica","regionid":2}
{"territoryid":"94025","territoryname":"Menlo Park","regionid":2}
{"territoryid":"94105","territoryname":"San Francisco","regionid":2}
{"territoryid":"95008","territoryname":"Campbell","regionid":2}
{"territoryid":"95054","territoryname":"Santa Clara","regionid":2}
{"territoryid":"95060","territoryname":"Santa Cruz","regionid":2}
{"territoryid":"98004","territoryname":"Bellevue","regionid":2}
{"territoryid":"98052","territoryname":"Redmond","regionid":2}
{"territoryid":"98104","territoryname":"Seattle","regionid":2}
