{"customerid":"GROSR","companyname":"GROSELLA-Restaurante","contactname":"Manuel Pereira","contacttitle":"Owner","address":"5 Ave. Los Palos Grandes","city":"Caracas","region":"DF","postalcode":"1081","country":"Venezuela","phone":"(2) 283-2951","fax":"(2) 283-3397"}
{"customerid":"ALFKI","companyname":"Alfreds Futterkiste","contactname":"Maria Anders","contacttitle":"Sales Representative","address":"Obere Str. 57","city":"Berlin","region":null,"postalcode":"12209","country":"Germany","phone":"030-0074321","fax":"030-0076545"}
{"customerid":"ANATR","companyname":"Ana Trujillo Emparedados y helados","contactname":"Ana Trujillo","contacttitle":"Owner","address":"Avda. de la Constitucion 2222","city":"Mexico D.F.","region":null,"postalcode":"05021","country":"Mexico","phone":"(5) 555-4729","fax":"(5) 555-3745"}
{"customerid":"ANTON","companyname":"Antonio Moreno Taqueria","contactname":"Antonio Moreno","contacttitle":"Owner","address":"Mataderos  2312","city":"Mexico D.F.","region":null,"postalcode":"05023","country":"Mexico","phone":"(5) 555-3932","fax":null}
{"customerid":"AROUT","companyname":"Around the Horn","contactname":"Thomas Hardy","contacttitle":"Sales Representative","address":"120 Hanover Sq.","city":"London","region":null,"postalcode":"WA1 1DP","country":"UK","phone":"(171) 555-7788","fax":"(171) 555-6750"}
{"customerid":"BERGS","companyname":"Berglunds snabbkop","contactname":"Christina Berglund","contacttitle":"Order Administrator","address":"Berguvsvagen  8","city":"Lulea","region":null,"postalcode":"S-958 22","country":"Sweden","phone":"0921-12 34 65","fax":"0921-12 34 67"}
{"customerid":"BLAUS","companyname":"Blauer See Delikatessen","contactname":"Hanna Moos","contacttitle":"Sales Representative","address":"Forsterstr. 57","city":"Mannheim","region":null,"postalcode":"68306","country":"Germany","phone":"0621-08460","fax":"0621-08924"}
{"customerid":"BLONP","companyname":"Blondesddsl pere et fils","contactname":"Frederique Citeaux","contacttitle":"Marketing Manager","address":"24, place Kleber","city":"Strasbourg","region":null,"postalcode":"67000","country":"France","phone":"88.60.15.31","fax":"88.60.15.32"}
{"customerid":"BOLID","companyname":"Bolido Comidas preparadas","contactname":"Martin Sommer","contacttitle":"Owner","address":"C/ Araquil, 67","city":"Madrid","region":null,"postalcode":"28023","country":"Spain","phone":"(91) 555 22 82","fax":"(91) 555 91 99"}
{"customerid":"BONAP","companyname":"Bon app'","contactname":"Laurence Lebihan","contacttitle":"Owner","address":"12, rue des Bouchers","city":"Marseille","region":null,"postalcode":"13008","country":"France","phone":"91.24.45.40","fax":"91.24.45.41"}
{"customerid":"BOTTM","companyname":"Bottom-Dollar Markets","contactname":"Elizabeth Lincoln","contacttitle":"Accounting Manager","address":"23 Tsawassen Blvd.","city":"Tsawassen","region":"BC","postalcode":"T2F 8M4","country":"Canada","phone":"(604) 555-4729","fax":"(604) 555-3745"}
{"customerid":"BSBEV","companyname":"B's Beverages","contactname":"Victoria Ashworth","contacttitle":"Sales Representative","address":"Fauntleroy Circus","city":"London","region":null,"postalcode":"EC2 5NT","country":"UK","phone":"(171) 555-1212","fax":null}
{"customerid":"CACTU","companyname":"Cactus Comidas para llevar","contactname":"Patricio Simpson","contacttitle":"Sales Agent","address":"Cerrito 333","city":"Buenos Aires","region":null,"postalcode":"1010","country":"Argentina","phone":"(1) 135-5555","fax":"(1) 135-4892"}
{"customerid":"CENTC","companyname":"Centro comercial Moctezuma","contactname":"Francisco Chang","contacttitle":"Marketing Manager","address":"Sierras de Granada 9993","city":"Mexico D.F.","region":null,"postalcode":"05022","country":"Mexico","phone":"(5) 555-3392","fax":"(5) 555-7293"}
{"customerid":"CHOPS","companyname":"Chop-suey Chinese","contactname":"Yang Wang","contacttitle":"Owner","address":"Hauptstr. 29","city":"Bern","region":null,"postalcode":"3012","country":"Switzerland","phone":"0452-076545","fax":null}
{"customerid":"COMMI","companyname":"Comercio Mineiro","contactname":"Pedro Afonso","contacttitle":"Sales Associate","address":"Av. dos Lusiadas, 23","city":"Sao Paulo","region":"SP","postalcode":"05432-043","country":"Brazil","phone":"(11) 555-7647","fax":null}
{"customerid":"CONSH","companyname":"Consolidated Holdings","contactname":"Elizabeth Brown","contacttitle":"Sales Representative","address":"Berkeley Gardens 12  Brewery","city":"London","region":null,"postalcode":"WX1 6LT","country":"UK","phone":"(171) 555-2282","fax":"(171) 555-9199"}
{"customerid":"DRACD","companyname":"Drachenblut Delikatessen","contactname":"Sven Ottlieb","contacttitle":"Order Administrator","address":"Walserweg 21","city":"Aachen","region":null,"postalcode":"52066","country":"Germany","phone":"0241-039123","fax":"0241-059428"}
{"customerid":"DUMON","companyname":"Du monde entier","contactname":"Janine Labrune","contacttitle":"Owner","address":"67, rue des Cinquante Otages","city":"Nantes","region":null,"postalcode":"44000","country":"France","phone":"40.67.88.88","fax":"40.67.89.89"}
{"customerid":"EASTC","companyname":"Eastern Connection","contactname":"Ann Devon","contacttitle":"Sales Agent","address":"35 King George","city":"London","region":null,"postalcode":"WX3 6FW","country":"UK","phone":"(171) 555-0297","fax":"(171) 555-3373"}
{"customerid":"ERNSH","companyname":"Ernst Handel","contactname":"Roland Mendel","contacttitle":"Sales Manager","address":"Kirchgasse 6","city":"Graz","region":null,"postalcode":"8010","country":"Austria","phone":"7675-3425","fax":"7675-3426"}
{"customerid":"FAMIA","companyname":"Familia Arquibaldo","contactname":"Aria Cruz","contacttitle":"Marketing Assistant","address":"Rua Oros, 92","city":"Sao Paulo","region":"SP","postalcode":"05442-030","country":"Brazil","phone":"(11) 555-9857","fax":null}
{"customerid":"FISSA","companyname":"FISSA Fabrica Inter. Salchichas S.A.","contactname":"Diego Roel","contacttitle":"Accounting Manager","address":"C/ Moralzarzal, 86","city":"Madrid","region":null,"postalcode":"28034","country":"Spain","phone":"(91) 555 94 44","fax":"(91) 555 55 93"}
{"customerid":"FOLIG","companyname":"Folies gourmandes","contactname":"Martine Rance","contacttitle":"Assistant Sales Agent","address":"184, chaussee de Tournai","city":"Lille","region":null,"postalcode":"59000","country":"France","phone":"20.16.10.16","fax":"20.16.10.17"}
{"customerid":"FOLKO","companyname":"Folk och fa HB","contactname":"Maria Larsson","contacttitle":"Owner","address":"Akergatan 24","city":"Bracke","region":null,"postalcode":"S-844 67","country":"Sweden","phone":"0695-34 67 21","fax":null}
{"customerid":"FRANK","companyname":"Frankenversand","contactname":"Peter Franken","contacttitle":"Marketing Manager","address":"Berliner Platz 43","city":"Munchen","region":null,"postalcode":"80805","country":"Germany","phone":"089-0877310","fax":"089-0877451"}
{"customerid":"FRANR","companyname":"France restauration","contactname":"Carine Schmitt","contacttitle":"Marketing Manager","address":"54, rue Royale","city":"Nantes","region":null,"postalcode":"44000","country":"France","phone":"40.32.21.21","fax":"40.32.21.20"}
{"customerid":"FRANS","companyname":"Franchi S.p.A.","contactname":"Paolo Accorti","contacttitle":"Sales Representative","address":"Via Monte Bianco 34","city":"Torino","region":null,"postalcode":"10100","country":"Italy","phone":"011-4988260","fax":"011-4988261"}
{"customerid":"FURIB","companyname":"Furia Bacalhau e Frutos do Mar","contactname":"Lino Rodriguez","contacttitle":"Sales Manager","address":"Jardim das rosas n. 32","city":"Lisboa","region":null,"postalcode":"1675","country":"Portugal","phone":"(1) 354-2534","fax":"(1) 354-2535"}
{"customerid":"GALED","companyname":"Galeria del gastronomo","contactname":"Eduardo Saavedra","contacttitle":"Marketing Manager","address":"Rambla de Cataluna, 23","city":"Barcelona","region":null,"postalcode":"08022","country":"Spain","phone":"(93) 203 4560","fax":"(93) 203 4561"}
{"customerid":"GODOS","companyname":"Godos Cocina Tipica","contactname":"Jose Pedro Freyre","contacttitle":"Sales Manager","address":"C/ Romero, 33","city":"Sevilla","region":null,"postalcode":"41101","country":"Spain","phone":"(95) 555 82 82","fax":null}
{"customerid":"GOURL","companyname":"Gourmet Lanchonetes","contactname":"Andre Fonseca","contacttitle":"Sales Associate","address":"Av. Brasil, 442","city":"Campinas","region":"SP","postalcode":"04876-786","country":"Brazil","phone":"(11) 555-9482","fax":null}
{"customerid":"GREAL","companyname":"Great Lakes Food Market","contactname":"Howard Snyder","contacttitle":"Marketing Manager","address":"2732 Baker Blvd.","city":"Eugene","region":"OR","postalcode":"97403","country":"USA","phone":"(503) 555-7555","fax":null}
{"customerid":"HANAR","companyname":"Hanari Carnes","contactname":"Mario Pontes","contacttitle":"Accounting Manager","address":"Rua do Paco, 67","city":"Rio de Janeiro","region":"RJ","postalcode":"05454-876","country":"Brazil","phone":"(21) 555-0091","fax":"(21) 555-8765"}
{"customerid":"HILAA","companyname":"HILARION-Abastos","contactname":"Carlos Hernandez","contacttitle":"Sales Representative","address":"Carrera 22 con Ave. Carlos Soublette #8-35","city":"San Cristobal","region":"Tachira","postalcode":"5022","country":"Venezuela","phone":"(5) 555-1340","fax":"(5) 555-1948"}
{"customerid":"HUNGC","companyname":"Hungry Coyote Import Store","contactname":"Yoshi Latimer","contacttitle":"Sales Representative","address":"City Center Plaza 516 Main St.","city":"Elgin","region":"OR","postalcode":"97827","country":"USA","phone":"(503) 555-6874","fax":"(503) 555-2376"}
{"customerid":"HUNGO","companyname":"Hungry Owl All-Night Grocers","contactname":"Patricia McKenna","contacttitle":"Sales Associate","address":"8 Johnstown Road","city":"Cork","region":"Co. Cork","postalcode":null,"country":"Ireland","phone":"2967 542","fax":"2967 3333"}
{"customerid":"ISLAT","companyname":"Island Trading","contactname":"Helen Bennett","contacttitle":"Marketing Manager","address":"Garden House Crowther Way","city":"Cowes","region":"Isle of Wight","postalcode":"PO31 7PJ","country":"UK","phone":"(198) 555-8888","fax":null}
{"customerid":"KOENE","companyname":"Koniglich Essen","contactname":"Philip Cramer","contacttitle":"Sales Associate","address":"Maubelstr. 90","city":"Brandenburg","region":null,"postalcode":"14776","country":"Germany","phone":"0555-09876","fax":null}
{"customerid":"LACOR","companyname":"La corne d'abondance","contactname":"Daniel Tonini","contacttitle":"Sales Representative","address":"67, avenue de l'Europe","city":"Versailles","region":null,"postalcode":"78000","country":"France","phone":"30.59.84.10","fax":"30.59.85.11"}
{"customerid":"LAMAI","companyname":"La maison d'Asie","contactname":"Annette Roulet","contacttitle":"Sales Manager","address":"1 rue Alsace-Lorraine","city":"Toulouse","region":null,"postalcode":"31000","country":"France","phone":"61.77.61.10","fax":"61.77.61.11"}
{"customerid":"LAUGB","companyname":"Laughing Bacchus Wine Cellars","contactname":"Yoshi Tannamuri","contacttitle":"Marketing Assistant","address":"1900 Oak St.","city":"Vancouver","region":"BC","postalcode":"V3F 2K1","country":"Canada","phone":"(604) 555-3392","fax":"(604) 555-7293"}
{"customerid":"LAZYK","companyname":"Lazy K Kountry Store","contactname":"John Steel","contacttitle":"Marketing Manager","address":"12 Orchestra Terrace","city":"Walla Walla","region":"WA","postalcode":"99362","country":"USA","phone":"(509) 555-7969","fax":"(509) 555-6221"}
{"customerid":"LEHMS","companyname":"Lehmanns Marktstand","contactname":"Renate Messner","contacttitle":"Sales Representative","address":"Magazinweg 7","city":"Frankfurt a.M.","region":null,"postalcode":"60528","country":"Germany","phone":"069-0245984","fax":"069-0245874"}
{"customerid":"LETSS","companyname":"Let's Stop N Shop","contactname":"Jaime Yorres","contacttitle":"Owner","address":"87 Polk St. Suite 5","city":"San Francisco","region":"CA","postalcode":"94117","country":"USA","phone":"(415) 555-5938","fax":null}
{"customerid":"LILAS","companyname":"LILA-Supermercado","contactname":"Carlos Gonzalez","contacttitle":"Accounting Manager","address":"Carrera 52 con Ave. Bolivar #65-98 Llano Largo","city":"Barquisimeto","region":"Lara","postalcode":"3508","country":"Venezuela","phone":"(9) 331-6954","fax":"(9) 331-7256"}
{"customerid":"LINOD","companyname":"LINO-Delicateses","contactname":"Felipe Izquierdo","contacttitle":"Owner","address":"Ave. 5 de Mayo Porlamar","city":"I. de Margarita","region":"Nueva Esparta","postalcode":"4980","country":"Venezuela","phone":"(8) 34-56-12","fax":"(8) 34-93-93"}
{"customerid":"LONEP","companyname":"Lonesome Pine Restaurant","contactname":"Fran Wilson","contacttitle":"Sales Manager","address":"89 Chiaroscuro Rd.","city":"Portland","region":"OR","postalcode":"97219","country":"USA","phone":"(503) 555-9573","fax":"(503) 555-9646"}
{"customerid":"MAGAA","companyname":"Magazzini Alimentari Riuniti","contactname":"Giovanni Rovelli","contacttitle":"Marketing Manager","address":"Via Ludovico il Moro 22","city":"Bergamo","region":null,"postalcode":"24100","country":"Italy","phone":"035-640230","fax":"035-640231"}
{"customerid":"MAISD","companyname":"Maison Dewey","contactname":"Catherine Dewey","contacttitle":"Sales Agent","address":"Rue Joseph-Bens 532","city":"Bruxelles","region":null,"postalcode":"B-1180","country":"Belgium","phone":"(02) 201 24 67","fax":"(02) 201 24 68"}
{"customerid":"MEREP","companyname":"Mere Paillarde","contactname":"Jean Fresniere","contacttitle":"Marketing Assistant","address":"43 rue St. Laurent","city":"Montreal","region":"Quebec","postalcode":"H1J 1C3","country":"Canada","phone":"(514) 555-8054","fax":"(514) 555-8055"}
{"customerid":"MORGK","companyname":"Morgenstern Gesundkost","contactname":"Alexander Feuer","contacttitle":"Marketing Assistant","address":"Heerstr. 22","city":"Leipzig","region":null,"postalcode":"04179","country":"Germany","phone":"0342-023176","fax":null}
{"customerid":"NORTS","companyname":"North/South","contactname":"Simon Crowther","contacttitle":"Sales Associate","address":"South House 300 Queensbridge","city":"London","region":null,"postalcode":"SW7 1RZ","country":"UK","phone":"(171) 555-7733","fax":"(171) 555-2530"}
{"customerid":"OCEAN","companyname":"Oceano Atlantico Ltda.","contactname":"Yvonne Moncada","contacttitle":"Sales Agent","address":"Ing. Gustavo Moncada 8585 Piso 20-A","city":"Buenos Aires","region":null,"postalcode":"1010","country":"Argentina","phone":"(1) 135-5333","fax":"(1) 135-5535"}
{"customerid":"OLDWO","companyname":"Old World Delicatessen","contactname":"Rene Phillips","contacttitle":"Sales Representative","address":"2743 Bering St.","city":"Anchorage","region":"AK","postalcode":"99508","country":"USA","phone":"(907) 555-7584","fax":"(907) 555-2880"}
{"customerid":"OTTIK","companyname":"Ottilies Kaseladen","contactname":"Henriette Pfalzheim","contacttitle":"Owner","address":"Mehrheimerstr. 369","city":"Koln","region":null,"postalcode":"50739","country":"Germany","phone":"0221-0644327","fax":"0221-0765721"}
{"customerid":"PARIS","companyname":"Paris specialites","contactname":"Marie Bertrand","contacttitle":"Owner","address":"265, boulevard Charonne","city":"Paris","region":null,"postalcode":"75012","country":"France","phone":"(1) 42.34.22.66","fax":"(1) 42.34.22.77"}
{"customerid":"PERIC","companyname":"Pericles Comidas clasicas","contactname":"Guillermo Fernandez","contacttitle":"Sales Representative","address":"Calle Dr. Jorge Cash 321","city":"Mexico D.F.","region":null,"postalcode":"05033","country":"Mexico","phone":"(5) 552-3745","fax":"(5) 545-3745"}
{"customerid":"PICCO","companyname":"Piccolo und mehr","contactname":"Georg Pipps","contacttitle":"Sales Manager","address":"Geislweg 14","city":"Salzburg","region":null,"postalcode":"5020","country":"Austria","phone":"6562-9722","fax":"6562-9723"}
{"customerid":"PRINI","companyname":"Princesa Isabel Vinhos","contactname":"Isabel de Castro","contacttitle":"Sales Representative","address":"Estrada da saude n. 58","city":"Lisboa","region":null,"postalcode":"1756","country":"Portugal","phone":"(1) 356-5634","fax":null}
{"customerid":"QUEDE","companyname":"Que Delicia","contactname":"Bernardo Batista","contacttitle":"Accounting Manager","address":"Rua da Panificadora, 12","city":"Rio de Janeiro","region":"RJ","postalcode":"02389-673","country":"Brazil","phone":"(21) 555-4252","fax":"(21) 555-4545"}
{"customerid":"QUEEN","companyname":"Queen Cozinha","contactname":"Lucia Carvalho","contacttitle":"Marketing Assistant","address":"Alameda dos Canarios, 891","city":"Sao Paulo","region":"SP","postalcode":"05487-020","country":"Brazil","phone":"(11) 555-1189","fax":null}
{"customerid":"QUICK","companyname":"QUICK-Stop","contactname":"Horst Kloss","contacttitle":"Accounting Manager","address":"Taucherstrasse 10","city":"Cunewalde","region":null,"postalcode":"01307","country":"Germany","phone":"0372-035188","fax":null}
{"customerid":"RANCH","companyname":"Rancho grande","contactname":"Sergio Gutierrez","contacttitle":"Sales Representative","address":"Av. del Libertador 900","city":"Buenos Aires","region":null,"postalcode":"1010","country":"Argentina","phone":"(1) 123-5555","fax":"(1) 123-5556"}
{"customerid":"RATTC","companyname":"Rattlesnake Canyon Grocery","contactname":"Paula Wilson","contacttitle":"Assistant Sales Representative","address":"2817 Milton Dr.","city":"Albuquerque","region":"NM","postalcode":"87110","country":"USA","phone":"(505) 555-5939","fax":"(505) 555-3620"}
{"customerid":"REGGC","companyname":"Reggiani Caseifici","contactname":"Maurizio Moroni","contacttitle":"Sales Associate","address":"Strada Provinciale 124","city":"Reggio Emilia","region":null,"postalcode":"42100","country":"Italy","phone":"0522-556721","fax":"0522-556722"}
{"customerid":"RICAR","companyname":"Ricardo Adocicados","contactname":"Janete Limeira","contacttitle":"Assistant Sales Agent","address":"Av. Copacabana, 267","city":"Rio de Janeiro","region":"RJ","postalcode":"02389-890","country":"Brazil","phone":"(21) 555-3412","fax":null}
{"customerid":"RICSU","companyname":"Richter Supermarkt","contactname":"Michael Holz","contacttitle":"Sales Manager","address":"Grenzacherweg 237","city":"Geneve","region":null,"postalcode":"1203","country":"Switzerland","phone":"0897-034214","fax":null}
{"customerid":"ROMEY","companyname":"Romero y tomillo","contactname":"Alejandra Camino","contacttitle":"Accounting Manager","address":"Gran Via, 1","city":"Madrid","region":null,"postalcode":"28001","country":"Spain","phone":"(91) 745 6200","fax":"(91) 745 6210"}
{"customerid":"SANTG","companyname":"Sante Gourmet","contactname":"Jonas Bergulfsen","contacttitle":"Owner","address":"Erling Skakkes gate 78","city":"Stavern","region":null,"postalcode":"4110","country":"Norway","phone":"07-98 92 35","fax":"07-98 92 47"}
{"customerid":"SAVEA","companyname":"Save-a-lot Markets","contactname":"Jose Pavarotti","contacttitle":"Sales Representative","address":"187 Suffolk Ln.","city":"Boise","region":"ID","postalcode":"83720","country":"USA","phone":"(208) 555-8097","fax":null}
{"customerid":"SEVES","companyname":"Seven Seas Imports","contactname":"Hari Kumar","contacttitle":"Sales Manager","address":"90 Wadhurst Rd.","city":"London","region":null,"postalcode":"OX15 4NB","country":"UK","phone":"(171) 555-1717","fax":"(171) 555-5646"}
{"customerid":"SIMOB","companyname":"Simons bistro","contactname":"Jytte Petersen","contacttitle":"Owner","address":"Vinbaeltet 34","city":"Kobenhavn","region":null,"postalcode":"1734","country":"Denmark","phone":"31 12 34 56","fax":"31 13 35 57"}
{"customerid":"SPECD","companyname":"Specialites du monde","contactname":"Dominique Perrier","contacttitle":"Marketing Manager","address":"25, rue Lauriston","city":"Paris","region":null,"postalcode":"75016","country":"France","phone":"(1) 47.55.60.10","fax":"(1) 47.55.60.20"}
{"customerid":"SPLIR","companyname":"Split Rail Beer & Ale","contactname":"Art Braunschweiger","contacttitle":"Sales Manager","address":"P.O. Box 555","city":"Lander","region":"WY","postalcode":"82520","country":"USA","phone":"(307) 555-4680","fax":"(307) 555-6525"}
{"customerid":"SUPRD","companyname":"Supremes delices","contactname":"Pascale Cartrain","contacttitle":"Accounting Manager","address":"Boulevard Tirou, 255","city":"Charleroi","region":null,"postalcode":"B-6000","country":"Belgium","phone":"(071) 23 67 22 20","fax":"(071) 23 67 22 21"}
{"customerid":"THEBI","companyname":"The Big Cheese","contactname":"Liz Nixon","contacttitle":"Marketing Manager","address":"89 Jefferson Way Suite 2","city":"Portland","region":"OR","postalcode":"97201","country":"USA","phone":"(503) 555-3612","fax":null}
{"customerid":"THECR","companyname":"The Cracker Box","contactname":"Liu Wong","contacttitle":"Marketing Assistant","address":"55 Grizzly Peak Rd.","city":"Butte","region":"MT","postalcode":"59801","country":"USA","phone":"(406) 555-5834","fax":"(406) 555-8083"}
{"customerid":"TOMSP","companyname":"Toms Spezialitaten","contactname":"Karin Josephs","contacttitle":"Marketing Manager","address":"Luisenstr. 48","city":"Munster","region":null,"postalcode":"44087","country":"Germany","phone":"0251-031259","fax":"0251-035695"}
{"customerid":"TORTU","companyname":"Tortuga Restaurante","contactname":"Miguel Angel Paolino","contacttitle":"Owner","address":"Avda. Azteca 123","city":"Mexico D.F.","region":null,"postalcode":"05033","country":"Mexico","phone":"(5) 555-2933","fax":null}
{"customerid":"TRADH","companyname":"Tradicao Hipermercados","contactname":"Anabela Domingues","contacttitle":"Sales Representative","address":"Av. Ines de Castro, 414","city":"Sao Paulo","region":"SP","postalcode":"05634-030","country":"Brazil","phone":"(11) 555-2167","fax":"(11) 555-2168"}
{"customerid":"TRAIH","companyname":"Trail's Head Gourmet Provisioners","contactname":"Helvetius Nagy","contacttitle":"Sales Associate","address":"722 DaVinci Blvd.","city":"Kirkland","region":"WA","postalcode":"98034","country":"USA","phone":"(206) 555-8257","fax":"(206) 555-2174"}
{"customerid":"VAFFE","companyname":"Vaffeljernet","contactname":"Palle Ibsen","contacttitle":"Sales Manager","address":"Smagsloget 45","city":"Arhus","region":null,"postalcode":"8200","country":"Denmark","phone":"86 21 32 43","fax":"86 22 33 44"}
{"customerid":"VICTE","companyname":"Victuailles en stock","contactname":"Mary Saveley","contacttitle":"Sales Agent","address":"2, rue du Commerce","city":"Lyon","region":null,"postalcode":"69004","country":"France","phone":"78.32.54.86","fax":"78.32.54.87"}
{"customerid":"VINET","companyname":"Vins et alcools Chevalier","contactname":"Paul Henriot","contacttitle":"Accounting Manager","address":"59 rue de l'Abbaye","city":"Reims","region":null,"postalcode":"51100","country":"France","phone":"26.47.15.10","fax":"26.47.15.11"}
{"customerid":"WANDK","companyname":"Die Wandernde Kuh","contactname":"Rita Muller","contacttitle":"Sales Representative","address":"Adenauerallee 900","city":"Stuttgart","region":null,"postalcode":"70563","country":"Germany","phone":"0711-020361","fax":"0711-035428"}
{"customerid":"WARTH","companyname":"Wartian Herkku","contactname":"Pirkko Koskitalo","contacttitle":"Accounting Manager","address":"Torikatu 38","city":"Oulu","region":null,"postalcode":"90110","country":"Finland","phone":"981-443655","fax":"981-443655"}
{"customerid":"WELLI","companyname":"Wellington Importadora","contactname":"Paula Parente","contacttitle":"Sales Manager","address":"Rua do Mercado, 12","city":"Resende","region":"SP","postalcode":"08737-363","country":"Brazil","phone":"(14) 555-8122","fax":null}
{"customerid":"WHITC","companyname":"White Clover Markets","contactname":"Karl Jablonski","contacttitle":"Owner","address":"305 - 14th Ave. S. Suite 3B","city":"Seattle","region":"WA","postalcode":"98128","country":"USA","phone":"(206) 555-4112","fax":"(206) 555-4115"}
{"customerid":"WILMK","companyname":"Wilman Kala","contactname":"Matti Karttunen","contacttitle":"Owner/Marketing Assistant","address":"Keskuskatu 45","city":"Helsinki","region":null,"postalcode":"21240","country":"Finland","phone":"90-224 8858","fax":"90-224 8858"}
{"customerid":"WOLZA","companyname":"Wolski  Zajazd","contactname":"Zbyszek Piestrzeniewicz","contacttitle":"Owner","address":"ul. Filtrowa 68","city":"Warszawa","region":null,"postalcode":"01-012","country":"Poland","phone":"(26) 642-7012","fax":"(26) 642-7012"}
